DBN,Community School District,School Name,School Pupil-Teacher Ratio
01M015,CSD 01,PS 015 ROBERTO CLEMENTE,7.2
01M019,CSD 01,PS 019 ASHER LEVY,6.6
01M020,CSD 01,PS 020 ANNA SILVER,11.3
01M034,CSD 01,PS 034 FRANKLIN D ROOSEVELT,9
01M063,CSD 01,THE STAR ACADEMY - PS63,11.4
01M064,CSD 01,PS 064 ROBERT SIMON,10.1
01M110,CSD 01,PS 110 FLORENCE NIGHTINGALE,15.2
01M134,CSD 01,PS 134 HENRIETTA SZOLD,10
01M140,CSD 01,PS 140 NATHAN STRAUS,12.2
01M142,CSD 01,PS 142 AMALIA CASTRO,9.3
01M184,CSD 01,PS 184M SHUANG WEN,13.3
01M188,CSD 01,PS 188 THE ISLAND SCHOOL,10.6
01M292,CSD 01,HENRY STREET SCHOOL FOR INTERNATIONAL STUDIES,9.1
01M315,CSD 01,THE EAST VILLAGE COMMUNITY SCHOOL,13.8
01M332,CSD 01,UNIVERSITY NEIGHBORHOOD MIDDLE SCHOOL,7.2
01M361,CSD 01,THE CHILDREN'S WORKSHOP SCHOOL,12.2
01M363,CSD 01,NEIGHBORHOOD SCHOOL,12.9
01M364,CSD 01,EARTH SCHOOL,12.4
01M378,CSD 01,SCHOOL FOR GLOBAL LEADERS,7.6
01M448,CSD 01,UNIVERSITY NEIGHBORHOOD HIGH SCHOOL,15.8
01M450,CSD 01,EAST SIDE COMMUNITY SCHOOL,13.5
01M458,CSD 01,FORSYTH SATELLITE ACADEMY,11.9
01M509,CSD 01,MARTA VALLE HIGH SCHOOL,9.2
01M515,CSD 01,LOWER EAST SIDE PREPARATORY HIGH SCHOOL,16
01M539,CSD 01,"NEW EXPLORATIONS INTO SCIENCE, TECHNOLOGY AND MATH HIGH SCHOOL",17.4
01M650,CSD 01,CASCADES HIGH SCHOOL,12.9
01M696,CSD 01,BARD HIGH SCHOOL EARLY COLLEGE,16.6
01M839,CSD 01,TOMPKINS SQUARE MIDDLE SCHOOL,12.4
02M001,CSD 02,PS 001 ALFRED E SMITH,11.5
02M002,CSD 02,PS 002 MEYER LONDON,10.9
02M003,CSD 02,PS 003 CHARRETTE SCHOOL,15.5
02M006,CSD 02,PS 006 LILLIE D BLAKE,17.4
02M011,CSD 02,PS 011 WILLIAM T HARRIS,15
02M033,CSD 02,PS 033 CHELSEA PREP,15.8
02M040,CSD 02,PS 040 AUGUSTUS SAINT-GAUDENS,17
02M041,CSD 02,PS 041 GREENWICH VILLAGE,16.4
02M042,CSD 02,PS 042 BENJAMIN ALTMAN,12.4
02M047,CSD 02,47 THE AMERICAN SIGN LANGUAGE AND ENGLISH SECONDARY SCHOOL,8.9
02M051,CSD 02,PS 051 ELIAS HOWE,14
02M059,CSD 02,PS 059 BEEKMAN HILL INTERNATIONAL,15.2
02M077,CSD 02,PS 77 LOWER LAB SCHOOL,20.3
02M089,CSD 02,PS 89,14.1
02M104,CSD 02,JHS 104 SIMON BARUCH,16.5
02M111,CSD 02,PS 111 ADOLPH S OCHS,12
02M114,CSD 02,EAST SIDE MIDDLE SCHOOL,15.6
02M116,CSD 02,PS 116 MARY LINDLEY MURRAY,14.2
02M124,CSD 02,PS 124 YUNG WING,15
02M126,CSD 02,PS 126 JACOB AUGUST RIIS,13.3
02M130,CSD 02,PS 130 HERNANDO DE SOTO,15.7
02M131,CSD 02,MS 131,12.1
02M135,CSD 02,THE URBAN ASSEMBLY SCHOOL FOR EMERGENCY MANAGEMENT,11.4
02M139,CSD 02,STEPHEN T MATHER BUILDING ARTS & CRAFTSMANSHIP HIGH SCHOOL,9.8
02M150,CSD 02,PS 150,17.6
02M151,CSD 02,YORKVILLE COMMUNITY SCHOOL,13
02M158,CSD 02,PS 158 BAYARD TAYLOR,15.5
02M167,CSD 02,JHS 167 ROBERT F WAGNER,15.9
02M177,CSD 02,YORKVILLE EAST MIDDLE SCHOOL,12.2
02M183,CSD 02,PS 183 ROBERT L STEVENSON,14.5
02M198,CSD 02,PS 198 ISADOR E IDA STRAUS,14.3
02M212,CSD 02,PS 212 MIDTOWN WEST,17.9
02M217,CSD 02,PS/IS 217 ROOSEVELT ISLAND,15.3
02M225,CSD 02,ELLA BAKER SCHOOL,13
02M234,CSD 02,PS 234 INDEPENDENCE SCHOOL,14.7
02M255,CSD 02,MS 255 SALK SCHOOL OF SCIENCE,16.2
02M260,CSD 02,MS 260 CLINTON SCHOOL WRITERS & ARTISTS,15
02M267,CSD 02,"EAST SIDE ELEMENTARY SCHOOL, PS 267",15.1
02M276,CSD 02,BATTERY PARK CITY SCHOOL,13.9
02M280,CSD 02,MANHATTAN EARLY COLLEGE SCHOOL FOR ADVERTISING,11.9
02M281,CSD 02,THE RIVER SCHOOL,13.4
02M282,CSD 02,URBAN ASSEMBLY MAKER ACADEMY,13.5
02M288,CSD 02,FOOD AND FINANCE HIGH SCHOOL,12.8
02M289,CSD 02,IS 289,15.4
02M290,CSD 02,PS 290 MANHATTAN NEW SCHOOL,15
02M294,CSD 02,ESSEX STREET ACADEMY,12.5
02M296,CSD 02,HIGH SCHOOL OF HOSPITALITY MANAGEMENT,13.6
02M297,CSD 02,MS 297,15.7
02M298,CSD 02,PACE HIGH SCHOOL,14.9
02M300,CSD 02,"URBAN ASSEMBLY SCHOOL OF DESIGN AND CONSTRUCTION, THE",13
02M303,CSD 02,"FACING HISTORY SCHOOL, THE",12.8
02M305,CSD 02,"URBAN ASSEMBLY ACADEMY OF GOVERNMENT AND LAW, THE",13
02M308,CSD 02,LOWER MANHATTAN ARTS ACADEMY,11.1
02M312,CSD 02,NEW YORK CITY LAB MIDDLE SCHOOL FOR COLLABORATIVE STUDIES,16.4
02M313,CSD 02,"JAMES BALDWIN SCHOOL, THE: A SCHOOL FOR EXPEDITIONARY LEARNING",12.3
02M316,CSD 02,"URBAN ASSEMBLY SCHOOL OF BUSINESS FOR YOUNG WOMEN, THE",10.8
02M340,CSD 02,SIXTH AVENUE ELEMENTARY SCHOOL,12.1
02M343,CSD 02,THE PECK SLIP SCHOOL,14
02M347,CSD 02,THE 47 AMERICAN SIGN LANGUAGE & ENGLISH LOWER SCHOOL,3.9
02M374,CSD 02,GRAMERCY ARTS HIGH SCHOOL,13.8
02M376,CSD 02,NYC ISCHOOL,14.5
02M392,CSD 02,MANHATTAN BUSINESS ACADEMY,12.7
02M393,CSD 02,BUSINESS OF SPORTS SCHOOL,11.8
02M394,CSD 02,EMMA LAZARUS HIGH SCHOOL,16.3
02M397,CSD 02,SPRUCE STREET SCHOOL,14.3
02M399,CSD 02,THE HIGH SCHOOL FOR LANGUAGE AND DIPLOMACY,17
02M400,CSD 02,HIGH SCHOOL FOR ENVIRONMENTAL STUDIES,15.3
02M407,CSD 02,INSTITUTE FOR COLLABORATIVE EDUCATION,17.7
02M408,CSD 02,PROFESSIONAL PERFORMING ARTS HIGH SCHOOL,18.8
02M411,CSD 02,BARUCH COLLEGE CAMPUS HIGH SCHOOL,18
02M412,CSD 02,NYC LAB SCHOOL FOR COLLABORATIVE STUDIES,11.7
02M413,CSD 02,SCHOOL OF THE FUTURE HIGH SCHOOL,14.9
02M414,CSD 02,NYC MUSEUM SCHOOL,16.2
02M416,CSD 02,ELEANOR ROOSEVELT HIGH SCHOOL,16.1
02M418,CSD 02,MILLENNIUM HIGH SCHOOL,17.5
02M419,CSD 02,LANDMARK HIGH SCHOOL,12.9
02M420,CSD 02,HIGH SCHOOL FOR HEALTH PROFESSIONS AND HUMAN SERVICES,19
02M422,CSD 02,QUEST TO LEARN,11.5
02M425,CSD 02,LEADERSHIP AND PUBLIC SERVICE HIGH SCHOOL,15.4
02M427,CSD 02,MANHATTAN ACADEMY FOR ARTS & LANGUAGE,11.7
02M432,CSD 02,MURRAY HILL ACADEMY,12
02M437,CSD 02,HUDSON HIGH SCHOOL OF LEARNING TECHNOLOGIES,14.4
02M438,CSD 02,INTERNATIONAL HIGH SCHOOL AT UNION SQUARE,13.2
02M439,CSD 02,MANHATTAN VILLAGE ACADEMY,15.5
02M442,CSD 02,"BALLET TECH, NYC PUBLIC SCHOOL FOR DANCE",13.7
02M449,CSD 02,VANGUARD HIGH SCHOOL,12.1
02M459,CSD 02,MANHATTAN INTERNATIONAL HIGH SCHOOL,14.1
02M475,CSD 02,STUYVESANT HIGH SCHOOL,20.7
02M489,CSD 02,HIGH SCHOOL OF ECONOMICS AND FINANCE,17.6
02M500,CSD 02,UNITY CENTER FOR URBAN TECHNOLOGIES,16.7
02M507,CSD 02,URBAN ASSEMBLY GATEWAY SCHOOL FOR TECHNOLOGY,12.8
02M519,CSD 02,TALENT UNLIMITED HIGH SCHOOL,15.2
02M520,CSD 02,MURRY BERGTRAUM HIGH SCHOOL FOR BUSINESS CAREERS,10.6
02M527,CSD 02,PS 527 - EAST SIDE SCHOOL FOR SOCIAL ACTION,14.5
02M529,CSD 02,JACQUELINE KENNEDY ONASSIS HIGH SCHOOL,12.4
02M531,CSD 02,REPERTORY COMPANY HIGH SCHOOL FOR THEATRE ARTS,14.9
02M533,CSD 02,UNION SQUARE ACADEMY FOR HEALTH SCIENCES,13.7
02M534,CSD 02,HARVEST COLLEGIATE HIGH SCHOOL,11.8
02M542,CSD 02,MANHATTAN BRIDGES HIGH SCHOOL,17.2
02M543,CSD 02,NEW DESIGN HIGH SCHOOL,11.1
02M544,CSD 02,INDEPENDENCE HIGH SCHOOL,15.8
02M545,CSD 02,HIGH SCHOOL FOR DUAL LANGUAGE AND ASIAN STUDIES,16.2
02M546,CSD 02,ACADEMY FOR SOFTWARE ENGINEERING,12.9
02M550,CSD 02,LIBERTY HIGH SCHOOL ACADEMY FOR NEWCOMERS,15.5
02M551,CSD 02,URBAN ASSEMBLY NEW YORK HARBOR SCHOOL,13.2
02M560,CSD 02,HIGH SCHOOL M560 - CITY AS SCHOOL,14.9
02M565,CSD 02,URBAN ACADEMY LABORATORY HIGH SCHOOL,10.1
02M570,CSD 02,SATELLITE ACADEMY HIGH SCHOOL,18
02M575,CSD 02,MANHATTAN COMPREHENSIVE NIGHT AND DAY HIGH SCHOOL,17.6
02M580,CSD 02,RICHARD R GREEN HIGH SCHOOL OF TEACHING,14.8
02M586,CSD 02,HARVEY MILK HIGH SCHOOL,8.4
02M600,CSD 02,THE HIGH SCHOOL OF FASHION INDUSTRIES,16.1
02M605,CSD 02,HUMANITIES PREPARATORY ACADEMY,13.5
02M615,CSD 02,CHELSEA CAREER AND TECHNICAL EDUCATION HIGH SCHOOL,13.3
02M630,CSD 02,ART AND DESIGN HIGH SCHOOL,16.1
02M655,CSD 02,LIFE SCIENCES SECONDARY SCHOOL,12.6
02M896,CSD 02,LOWER MANHATTAN COMMUNITY MIDDLE SCHOOL,12.5
02M933,CSD 02,CITY KNOLL MIDDLE SCHOOL,9.3
03M009,CSD 03,PS 009 SARAH ANDERSON,15.3
03M054,CSD 03,JHS 054 BOOKER T WASHINGTON,17.5
03M075,CSD 03,PS 075 EMILY DICKINSON,7.5
03M076,CSD 03,PS 076 A PHILIP RANDOLPH,14.7
03M084,CSD 03,PS 084 LILLIAN WEBER,13.3
03M087,CSD 03,PS 087 WILLIAM SHERMAN,15.3
03M145,CSD 03,"PS 145, THE BLOOMINGDALE SCHOOL",11.1
03M149,CSD 03,PS 149 SOJOURNER TRUTH,9.8
03M163,CSD 03,PS 163 ALFRED E SMITH,13.7
03M165,CSD 03,PS 165 ROBERT E SIMON,10.8
03M166,CSD 03,PS 166 THE RICHARD RODGERS SCHOOL OF THE ARTS AND TECHNOLOGY,16.9
03M180,CSD 03,PS 180 HUGO NEWMAN,12
03M185,CSD 03,PS 185 - THE EARLY CHILDHOOD DISCOVERY AND DESIGN MAGNET SCHOOL,11.5
03M191,CSD 03,PS 191 AMSTERDAM,10.1
03M199,CSD 03,PS 199 JESSIE ISADOR STRAUS,16.4
03M241,CSD 03,STEM INSTITUTE OF MANHATTAN,7.9
03M242,CSD 03,PS 242 - THE YOUNG DIPLOMATS MAGNET ACADEMY,6.7
03M243,CSD 03,MS 243 CENTER SCHOOL,16.6
03M245,CSD 03,MS M245 THE COMPUTER SCHOOL,15.6
03M247,CSD 03,MS M247 DUAL LANGUAGE MIDDLE SCHOOL,9.8
03M250,CSD 03,MS 250 WEST SIDE COLLABORATIVE MIDDLE SCHOOL,10.3
03M256,CSD 03,MS 256 ACADEMIC & ATHLETIC EXCELLENCE,8.9
03M258,CSD 03,COMMUNITY ACTION SCHOOL - MS 258,12.1
03M291,CSD 03,WEST END SECONDARY SCHOOL OF URBAN STUDIES,14.7
03M299,CSD 03,"HIGH SCHOOL FOR ARTS, IMAGINATION AND INQUIRY",13.5
03M307,CSD 03,"URBAN ASSEMBLY SCHOOL FOR MEDIA STUDIES, THE",14.9
03M333,CSD 03,PS 333 MANHATTAN SCHOOL FOR CHILDREN,16.2
03M334,CSD 03,THE ANDERSON SCHOOL,18.9
03M402,CSD 03,THE URBAN ASSEMBLY SCHOOL FOR GREEN CAREERS,10.8
03M403,CSD 03,THE GLOBAL LEARNING COLLABORATIVE,12.3
03M404,CSD 03,INNOVATION DIPLOMA PLUS,12.2
03M415,CSD 03,WADLEIGH SECONDARY SCHOOL FOR THE PERFORMING & VISUAL ARTS,10.1
03M417,CSD 03,FRANK MCCOURT HIGH SCHOOL,15.5
03M421,CSD 03,WEST PREP ACADEMY,11.7
03M452,CSD 03,PS 452,13.4
03M479,CSD 03,BEACON HIGH SCHOOL,20.7
03M485,CSD 03,FIORELLO H LAGUARDIA HIGH SCHOOL OF MUSIC & ART AND PERFORMING ARTS,18.8
03M492,CSD 03,"HIGH SCHOOL FOR LAW, ADVOCACY AND COMMUNITY JUSTICE",12.9
03M494,CSD 03,HIGH SCHOOL OF ARTS AND TECHNOLOGY,13.5
03M505,CSD 03,EDWARD A REYNOLDS WEST SIDE HIGH SCHOOL,11.7
03M541,CSD 03,MANHATTAN / HUNTER SCIENCE HIGH SCHOOL,17.3
03M859,CSD 03,SPECIAL MUSIC SCHOOL,12.5
03M860,CSD 03,FREDERICK DOUGLASS ACADEMY II SECONDARY SCHOOL,11.5
03M862,CSD 03,MOTT HALL II,18.8
04M007,CSD 04,PS 007 SAMUEL STERN,9.6
04M012,CSD 04,TAG YOUNG SCHOLARS,25.6
04M037,CSD 04,RIVER EAST ELEMENTARY,12.2
04M038,CSD 04,PS 38 ROBERTO CLEMENTE,10.4
04M057,CSD 04,JAMES WELDON JOHNSON,11.9
04M072,CSD 04,THE LEXINGTON ACADEMY,11.6
04M083,CSD 04,PS 083 LUIS MUNOZ RIVERA,13.5
04M096,CSD 04,PS 096 JOSEPH LANZETTA,9.7
04M102,CSD 04,PS 102 JACQUES CARTIER,9
04M108,CSD 04,PS 108 ASSEMBLYMAN ANGELO DEL TORO EDUCATIONAL COMPLEX,10.4
04M112,CSD 04,PS 112 JOSE CELSO BARBOSA,4.9
04M146,CSD 04,PS 146 ANN M SHORT,11.5
04M155,CSD 04,PS 155 WILLIAM PACA,9.6
04M171,CSD 04,PS 171 PATRICK HENRY,15.3
04M182,CSD 04,THE BILINGUAL BICULTURAL SCHOOL,9.9
04M206,CSD 04,PS 206 JOSE CELSO BARBOSA,5.6
04M224,CSD 04,MS 224 MANHATTAN EAST SCHOOL FOR ARTS & ACADEMICS,12.8
04M310,CSD 04,THE JUDITH S KAYE HIGH SCHOOL,12.8
04M372,CSD 04,ESPERANZA PREPARATORY ACADEMY,11.4
04M375,CSD 04,MOSAIC PREPARATORY ACADEMY,11.5
04M377,CSD 04,RENAISSANCE SCHOOL OF THE ARTS,9.8
04M435,CSD 04,MANHATTAN CENTER FOR SCIENCE AND MATHEMATICS,19.1
04M495,CSD 04,PARK EAST HIGH SCHOOL,12.1
04M497,CSD 04,CENTRAL PARK EAST I,10.7
04M555,CSD 04,CENTRAL PARK EAST HIGH SCHOOL,16.1
04M610,CSD 04,YOUNG WOMEN'S LEADERSHIP SCHOOL,15.9
04M680,CSD 04,"HERITAGE SCHOOL, THE",13.9
04M825,CSD 04,ISAAC NEWTON MIDDLE SCHOOL FOR MATH & SCIENCE,13.6
04M964,CSD 04,CENTRAL PARK EAST II,11.5
05M030,CSD 05,PS 030 HERNANDEZ/HUGHES,7.2
05M036,CSD 05,PS 036 MARGARET DOUGLAS,9.7
05M046,CSD 05,PS 046 ARTHUR TAPPAN,12.9
05M092,CSD 05,PS 092 MARY MCLEOD BETHUNE,10.5
05M123,CSD 05,PS 123 MAHALIA JACKSON,9.9
05M125,CSD 05,PS 125 RALPH BUNCHE,16.2
05M129,CSD 05,PS 129 JOHN H FINLEY,11.6
05M133,CSD 05,PS 133 FRED R MOORE,6.7
05M148,CSD 05,EAGLE ACADEMY FOR YOUNG MEN OF HARLEM,10.7
05M154,CSD 05,PS 154 HARRIET TUBMAN,9.8
05M157,CSD 05,THE URBAN ASSEMBLY SCHOOL FOR GLOBAL COMMERCE,10.8
05M161,CSD 05,PS 161 PEDRO ALBIZU CAMPOS,11.1
05M175,CSD 05,PS 175 HENRY H GARNET,13.7
05M194,CSD 05,PS 194 COUNTEE CULLEN,7.7
05M197,CSD 05,PS 197 JOHN B RUSSWURM,10.6
05M200,CSD 05,PS 200- THE JAMES MCCUNE SMITH SCHOOL,10.3
05M285,CSD 05,HARLEM RENAISSANCE HIGH SCHOOL,12.9
05M286,CSD 05,IS M286 RENAISSANCE LEADERSHIP ACADEMY,7.3
05M304,CSD 05,MOTT HALL HIGH SCHOOL,14.8
05M318,CSD 05,THURGOOD MARSHALL ACADEMY LOWER SCHOOL,13.6
05M362,CSD 05,COLUMBIA SECONDARY SCHOOL,15.9
05M369,CSD 05,URBAN ASSEMBLY SCHOOL FOR THE PERFORMING ARTS,14.6
05M499,CSD 05,FREDERICK DOUGLASS ACADEMY,15.6
05M514,CSD 05,NEW DESIGN MIDDLE SCHOOL,8.6
05M517,CSD 05,TEACHERS COLLEGE COMMUNITY SCHOOL,12.7
05M670,CSD 05,THURGOOD MARSHALL ACADEMY FOR LEARNING AND SOCIAL CHANGE,13.5
05M692,CSD 05,"HIGH SCHOOL FOR MATHEMATICS, SCIENCE AND ENGINEERING AT CITY COLLEGE",16.3
06M004,CSD 06,PS 004 DUKE ELLINGTON,13
06M005,CSD 06,PS 005 ELLEN LURIE,11.9
06M008,CSD 06,PS 008 LUIS BELLIARD,12.8
06M018,CSD 06,PS 018 PARK TERRACE,13.3
06M028,CSD 06,PS 028 WRIGHT BROTHERS,11
06M048,CSD 06,PS 048 PO MICHAEL J BUCZEK,9.9
06M052,CSD 06,JHS 052 INWOOD,11.3
06M098,CSD 06,PS 098 SHORAC KAPPOCK,12.2
06M103,CSD 06,DOS PUENTES ELEMENTARY SCHOOL,12.8
06M115,CSD 06,PS 115 ALEXANDER HUMBOLDT,12
06M128,CSD 06,PS 128 AUDUBON,12.4
06M132,CSD 06,PS 132 JUAN PABLO DUARTE,8.4
06M143,CSD 06,JHS 143 ELEANOR ROOSEVELT,9.8
06M152,CSD 06,PS 152 DYCKMAN VALLEY,13.9
06M153,CSD 06,PS 153 ADAM CLAYTON POWELL,15.5
06M173,CSD 06,PS 173,13.7
06M178,CSD 06,PROFESSOR JUAN BOSCH PUBLIC SCHOOL,10
06M187,CSD 06,PS/IS 187 HUDSON CLIFFS,14.9
06M189,CSD 06,PS 189,13.2
06M192,CSD 06,PS 192 JACOB H SCHIFF,13.1
06M209,CSD 06,HAMILTON GRANGE MIDDLE SCHOOL,11.6
06M210,CSD 06,PS/IS 210 - TWENTY-FIRST CENTURY ACADEMY FOR COMMUNITY LEADERSHIP,11.4
06M211,CSD 06,INWOOD EARLY COLLEGE FOR HEALTH AND INFORMATION TECHNOLOGIES,12.4
06M223,CSD 06,THE MOTT HALL SCHOOL,13.8
06M278,CSD 06,PAULA HEDBAVNY SCHOOL,15.5
06M293,CSD 06,CITY COLLEGE ACADEMY OF THE ARTS,15.7
06M311,CSD 06,AMISTAD DUAL LANGUAGE SCHOOL,14.8
06M314,CSD 06,MUSCOTA,16.5
06M319,CSD 06,MS 319 - MARIA TERESA,12.5
06M322,CSD 06,MIDDLE SCHOOL 322,9.6
06M324,CSD 06,MS 324 - PATRIA MIRABAL,10.2
06M328,CSD 06,MS 328 - MANHATTAN MIDDLE SCHOOL FOR SCIENTIFIC INQUIRY,8.4
06M346,CSD 06,COMMUNITY HEALTH ACADEMY OF THE HEIGHTS,13.6
06M348,CSD 06,WASHINGTON HEIGHTS EXPEDITIONARY LEARNING SCHOOL,13.5
06M349,CSD 06,HARBOR HEIGHTS,11.8
06M366,CSD 06,WASHINGTON HEIGHTS ACADEMY,17.6
06M368,CSD 06,HAMILTON HEIGHTS SCHOOL,9.9
06M423,CSD 06,HIGH SCHOOL FOR EXCELLENCE AND INNOVATION,8.6
06M462,CSD 06,THE COLLEGE ACADEMY,14.5
06M463,CSD 06,HIGH SCHOOL FOR MEDIA AND COMMUNICATIONS,15.1
06M467,CSD 06,HIGH SCHOOL FOR LAW AND PUBLIC SERVICE,14.9
06M468,CSD 06,HIGH SCHOOL FOR HEALTH CAREERS AND SCIENCES,10.4
06M513,CSD 06,CASTLE BRIDGE SCHOOL,9.1
06M528,CSD 06,IS 528 BEA FULLER RODGERS SCHOOL,13
06M540,CSD 06,A PHILIP RANDOLPH CAMPUS HIGH SCHOOL,17.7
06M552,CSD 06,GREGORIO LUPERON HIGH SCHOOL FOR SCIENCE AND MATHEMATICS,16.5
07X001,CSD 07,PS 001 COURTLANDT SCHOOL,10.9
07X005,CSD 07,PS 5 PORT MORRIS,11.7
07X018,CSD 07,PS 018 JOHN PETER ZENGER,11.7
07X025,CSD 07,PS 025 BILINGUAL SCHOOL,9.8
07X029,CSD 07,PS/MS 029 MELROSE SCHOOL,12
07X030,CSD 07,PS 030 WILTON,12.1
07X031,CSD 07,PS/MS 031 THE WILLIAM LLOYD GARRISON,12.3
07X043,CSD 07,PS 043 JONAS BRONCK,11
07X049,CSD 07,PS 049 WILLIS AVENUE,10.4
07X065,CSD 07,PS 065 MOTHER HALE ACADEMY,11.1
07X151,CSD 07,JHS 151 LOU GEHRIG,10.4
07X154,CSD 07,PS 154 JONATHAN D HYATT,8.9
07X157,CSD 07,PS 157 GROVE HILL,12.8
07X161,CSD 07,PS 161 PONCE DE LEON,11.3
07X179,CSD 07,PS 179,11.8
07X221,CSD 07,SOUTH BRONX PREPARATORY: A COLLEGE BOARD SCHOOL,13.2
07X223,CSD 07,MS 223 THE LABORATORY SCHOOL OF FINANCE AND TECHNOLOGY,12.1
07X224,CSD 07,PS / IS 224,10.9
07X259,CSD 07,"HERO HIGH (HEALTH, EDUCATION, AND RESEARCH OCCUPATIONS HIGH SCHOOL)",12.6
07X277,CSD 07,PS 277,11.6
07X296,CSD 07,SOUTH BRONX ACADEMY FOR APPLIED MEDIA,10.1
07X298,CSD 07,ACADEMY OF PUBLIC RELATIONS,10
07X334,CSD 07,INTERNATIONAL COMMUNITY HIGH SCHOOL,14.7
07X343,CSD 07,ACADEMY OF APPLIED MATHEMATICS AND TECHNOLOGY,15.3
07X359,CSD 07,CONCOURSE VILLAGE ELEMENTARY SCHOOL,11.6
07X369,CSD 07,YOUNG LEADERS ELEMENTARY SCHOOL,9.4
07X379,CSD 07,JILL CHAIFETZ TRANSFER HIGH SCHOOL,12.1
07X381,CSD 07,BRONX HAVEN HIGH SCHOOL,11.1
07X427,CSD 07,COMMUNITY SCHOOL FOR SOCIAL JUSTICE,12.9
07X473,CSD 07,MOTT HAVEN VILLAGE PREPARATORY HIGH SCHOOL,10.6
07X495,CSD 07,UNIVERSITY HEIGHTS SECONDARY SCHOOL,21.2
07X500,CSD 07,HOSTOS-LINCOLN ACADEMY OF SCIENCE,16.3
07X522,CSD 07,BRONX DESIGN AND CONSTRUCTION ACADEMY,10.3
07X527,CSD 07,BRONX LEADERSHIP ACADEMY II HIGH SCHOOL,11.6
07X548,CSD 07,URBAN ASSEMBLY SCHOOL FOR CAREERS IN SPORTS,14.6
07X551,CSD 07,THE URBAN ASSEMBLY BRONX ACADEMY OF LETTERS,8.9
07X557,CSD 07,MOTT HAVEN COMMUNITY HIGH SCHOOL,11.2
07X584,CSD 07,IS 584,9.7
07X600,CSD 07,ALFRED E SMITH CAREER AND TECHNICAL EDUCATION HIGH SCHOOL,12.3
07X670,CSD 07,HEALTH OPPORTUNITIES HIGH SCHOOL,14.9
08X014,CSD 08,PS X014 SENATOR JOHN CALANDRA,15.9
08X036,CSD 08,PS 036 UNIONPORT,14.9
08X048,CSD 08,PS 048 JOSEPH R DRAKE,13.4
08X062,CSD 08,PS 062 INOCENSIO CASANOVA,13.1
08X069,CSD 08,PS 069 JOURNEY PREP SCHOOL,15.4
08X071,CSD 08,PS 071 ROSE E SCALA,13.8
08X072,CSD 08,PS 072 DR WILLIAM DORNEY,13.5
08X075,CSD 08,PS 75 SCHOOL OF RESEARCH AND DISCOVERY,13.9
08X093,CSD 08,PS 093 ALBERT G OLIVER,10.7
08X100,CSD 08,PS 100 ISAAC CLASON,11.7
08X101,CSD 08,MS X101 EDWARD R BYRNE,13.6
08X107,CSD 08,PS 107,14.5
08X119,CSD 08,PS 119,14.9
08X123,CSD 08,JHS 123 JAMES M KIERAN,11.6
08X130,CSD 08,PS 130 ABRAM STEVENS HEWITT,10.5
08X131,CSD 08,JHS 131 ALBERT EINSTEIN,13.9
08X138,CSD 08,PS 138 SAMUEL RANDALL,13.6
08X140,CSD 08,PS X140 THE EAGLE SCHOOL,13.8
08X146,CSD 08,PS 146 EDWARD COLLINS,12.6
08X152,CSD 08,PS 152 EVERGREEN,13.1
08X182,CSD 08,PS 182,14.8
08X269,CSD 08,BRONX STUDIO SCHOOL FOR WRITERS AND ARTISTS,12.2
08X282,CSD 08,WOMEN'S ACADEMY OF EXCELLENCE,12.1
08X293,CSD 08,RENAISSANCE HIGH SCHOOL FOR MUSICAL THEATER & TECHNOLOGY,13.9
08X301,CSD 08,MS 301 PAUL L DUNBAR,10.4
08X302,CSD 08,MS 302 LUISA DESSUS CRUZ,12.6
08X304,CSD 08,PS 304 EARLY CHILDHOOD SCHOOL,16.9
08X312,CSD 08,MILLENNIUM ART ACADEMY,13
08X320,CSD 08,PELHAM LAB HIGH SCHOOL,11.2
08X333,CSD 08,PS 333 - THE MUSEUM SCHOOL,11.6
08X337,CSD 08,THE SCHOOL FOR INQUIRY AND SOCIAL JUSTICE,13
08X348,CSD 08,SCHUYLERVILLE PREPARATORY HIGH SCHOOL,12.6
08X349,CSD 08,BRONX RIVER HIGH SCHOOL,11.9
08X367,CSD 08,"ARCHIMEDES ACADEMY FOR MATH, SCIENCE AND TECHNOLOGY APPLICATIONS",13.8
08X371,CSD 08,URBAN INSTITUTE OF MATHEMATICS,15.3
08X375,CSD 08,THE BRONX MATHEMATICS PREPARATORY SCHOOL,8.8
08X376,CSD 08,ANTONIA PANTOJA PREPARATORY ACADEMY: A COLLEGE BOARD SCHOOL,13
08X377,CSD 08,BRONX COMMUNITY HIGH SCHOOL,11
08X392,CSD 08,BRONX DELTA SCHOOL,11
08X405,CSD 08,HERBERT H LEHMAN HIGH SCHOOL,12.8
08X424,CSD 08,THE HUNTS POINT SCHOOL,11.4
08X432,CSD 08,BRONX BRIDGES HIGH SCHOOL,10.6
08X448,CSD 08,SOUNDVIEW ACADEMY FOR CULTURE AND SCHOLARSHIP,12.6
08X452,CSD 08,BRONX GUILD,10.6
08X467,CSD 08,MOTT HALL COMMUNITY SCHOOL,13.6
08X530,CSD 08,BANANA KELLY HIGH SCHOOL,9.8
08X537,CSD 08,BRONX ARENA HIGH SCHOOL,9.7
08X558,CSD 08,WESTCHESTER SQUARE ACADEMY,12.4
08X559,CSD 08,SCHOOL FOR TOURISM AND HOSPITALITY,10.8
08X561,CSD 08,BRONX COMPASS HIGH SCHOOL,11.3
08X562,CSD 08,BLUEPRINT MIDDLE SCHOOL,13.1
08X583,CSD 08,PS 583,15.5
09X004,CSD 09,PS/MS 004 CROTONA PARK WEST,12
09X011,CSD 09,PS 011 HIGHBRIDGE,12.3
09X022,CSD 09,JHS 022 JORDAN L MOTT,8.4
09X028,CSD 09,PS 028 MOUNT HOPE,10.9
09X035,CSD 09,PS 035 FRANZ SIEGEL,11.2
09X042,CSD 09,PS 042 CLAREMONT,10.1
09X053,CSD 09,PS 053 BASHEER QUISIM,12.4
09X055,CSD 09,PS 055 BENJAMIN FRANKLIN,11.7
09X058,CSD 09,PS 058,12
09X063,CSD 09,PS 063 AUTHOR'S ACADEMY,11.7
09X070,CSD 09,PS 070 MAX SCHOENFELD,13.1
09X073,CSD 09,PS 073 BRONX,12.3
09X088,CSD 09,PS X088 - S SILVERSTEIN LITTLE SPARROW SCHOOL,13.3
09X109,CSD 09,PS 109 SEDGWICK,12.2
09X110,CSD 09,PS 110 THEODORE SCHOENFELD,13.8
09X114,CSD 09,PS X114 - LUIS LLORENS TORRES SCHOOLS,13.5
09X117,CSD 09,IS 117 JOSEPH H WADE,10.2
09X126,CSD 09,PS 126 DR MARJORIE H DUNBAR,12.2
09X128,CSD 09,MOTT HALL III,18
09X132,CSD 09,PS 132 GARRET A MORGAN,11.8
09X163,CSD 09,PS 163 ARTHUR A SCHOMBURG,11.2
09X170,CSD 09,PS 170,11.2
09X199,CSD 09,PS 199X - THE SHAKESPEARE SCHOOL,14.2
09X204,CSD 09,PS 204 MORRIS HEIGHTS,15.5
09X215,CSD 09,KAPPA,11.9
09X218,CSD 09,PS/IS 218 RAFAEL HERNANDEZ DUAL LANGUAGE MAGNET SCHOOL,15.1
09X219,CSD 09,IS 219 NEW VENTURE SCHOOL,10.1
09X227,CSD 09,BRONX COLLEGIATE ACADEMY,13.3
09X229,CSD 09,IS 229 ROLAND PATTERSON,8.5
09X231,CSD 09,EAGLE ACADEMY FOR YOUNG MEN,14.7
09X232,CSD 09,IS 232,13.5
09X236,CSD 09,PS 236 LANGSTON HUGHES,11.5
09X241,CSD 09,"URBAN ASSEMBLY SCHOOL FOR APPLIED MATH AND SCIENCE, THE",10.4
09X250,CSD 09,EXIMIUS COLLEGE PREPARATORY ACADEMY: A COLLEGE BOARD SCHOOL,13.8
09X252,CSD 09,MOTT HALL BRONX HIGH SCHOOL,12.8
09X260,CSD 09,BRONX CENTER FOR SCIENCE AND MATHEMATICS,14.5
09X263,CSD 09,VALIDUS PREPARATORY ACADEMY: AN EXPEDITIONARY LEARNING SCHOOL,15.3
09X274,CSD 09,THE NEW AMERICAN ACADEMY AT ROBERTO CLEMENTE STATE PARK,9.3
09X294,CSD 09,THE WALTON AVENUE SCHOOL,12.9
09X297,CSD 09,MORRIS ACADEMY FOR COLLABORATIVE STUDIES,10.8
09X303,CSD 09,IS X303 LEADERSHIP & COMMUNITY SERVICE,9
09X311,CSD 09,LUCERO ELEMENTARY SCHOOL,12.9
09X313,CSD 09,IS 313 SCHOOL OF LEADERSHIP DEVELOPMENT,7.9
09X323,CSD 09,BRONX WRITING ACADEMY,9.9
09X324,CSD 09,BRONX EARLY COLLEGE ACADEMY FOR TEACHING & LEARNING,13.5
09X327,CSD 09,COMPREHENSIVE MODEL SCHOOL PROJECT MS 327,13.9
09X328,CSD 09,NEW MILLENNIUM BUSINESS ACADEMY MIDDLE SCHOOL,12.9
09X329,CSD 09,DREAMYARD PREPARATORY SCHOOL,10.8
09X339,CSD 09,IS 339,7.6
09X350,CSD 09,NEW DIRECTIONS SECONDARY SCHOOL,8.9
09X361,CSD 09,THE HIGHBRIDGE GREEN SCHOOL,10.6
09X365,CSD 09,ACADEMY FOR LANGUAGE AND TECHNOLOGY,12.8
09X403,CSD 09,BRONX INTERNATIONAL HIGH SCHOOL,12.6
09X404,CSD 09,SCHOOL FOR EXCELLENCE,11.8
09X412,CSD 09,BRONX HIGH SCHOOL OF BUSINESS,9.6
09X413,CSD 09,BRONX HIGH SCHOOL FOR MEDICAL SCIENCE,12.4
09X443,CSD 09,THE FAMILY SCHOOL,12.6
09X449,CSD 09,GRANT AVENUE ELEMENTARY SCHOOL,12.4
09X454,CSD 09,SCIENCE AND TECHNOLOGY ACADEMY: A MOTT HALL SCHOOL,11.9
09X457,CSD 09,SHERIDAN ACADEMY FOR YOUNG LEADERS,16.5
09X505,CSD 09,"BRONX SCHOOL FOR LAW, GOVERNMENT AND JUSTICE",12.4
09X517,CSD 09,FREDERICK DOUGLASS ACADEMY III SECONDARY SCHOOL,12.3
09X525,CSD 09,BRONX LEADERSHIP ACADEMY HIGH SCHOOL,13
09X543,CSD 09,HIGH SCHOOL FOR VIOLIN AND DANCE,14.7
09X555,CSD 09,MOUNT EDEN CHILDREN'S ACADEMY,16.5
09X564,CSD 09,CLAREMONT INTERNATIONAL HS,12.6
09X568,CSD 09,YOUNG WOMEN'S LEADERSHIP SCHOOL OF THE BRONX,13.9
09X593,CSD 09,SOUTH BRONX INTERNATIONAL MS,8
09X594,CSD 09,MS 594,8.9
10X003,CSD 10,PS 3 RAUL JULIA MICRO SOCIETY,13.5
10X007,CSD 10,MILTON FEIN SCHOOL,16.2
10X008,CSD 10,PS 008 ISSAC VARIAN,13.2
10X009,CSD 10,PS 9 RYER AVENUE ELEMENTARY SCHOOL,13.6
10X015,CSD 10,PS X015 INSTITUTE FOR ENVIRONMENTAL LEARNING,15.8
10X020,CSD 10,"PS/MS 20 POGEORGE J WERDANN, III",13.4
10X023,CSD 10,PS 023 THE NEW CHILDREN'S SCHOOL,13
10X024,CSD 10,PS 024 SPUYTEN DUYVIL,16
10X032,CSD 10,PS 032 BELMONT,12
10X033,CSD 10,PS 033 TIMOTHY DWIGHT,14.4
10X037,CSD 10,PS X037 - MULTIPLE INTELLIGENCE SCHOOL,14.4
10X045,CSD 10,THOMAS C GIORDANO MIDDLE SCHOOL 45,14.1
10X046,CSD 10,PS 046 EDGAR ALLAN POE,13.3
10X051,CSD 10,PS 051 BRONX NEW SCHOOL,14.7
10X054,CSD 10,PS / IS 54,13.8
10X056,CSD 10,PS 056 NORWOOD HEIGHTS,14.5
10X059,CSD 10,PS 059 THE COMMUNITY SCHOOL OF TECHNOLOGY,11.1
10X077,CSD 10,BEDFORD PARK ELEMENTARY SCHOOL,14.8
10X080,CSD 10,JHS 080 THE MOSHOLU PARKWAY,14.2
10X081,CSD 10,PS 081 ROBERT J CHRISTEN,15.2
10X085,CSD 10,PS 085 GREAT EXPECTATIONS,12.7
10X086,CSD 10,PS 086 KINGSBRIDGE HEIGHTS,14.1
10X091,CSD 10,PS 091 BRONX,11.8
10X094,CSD 10,PS 094 KINGS COLLEGE SCHOOL,12.5
10X095,CSD 10,PS 095 SHEILA MENCHER,14.6
10X118,CSD 10,JHS 118 WILLIAM W NILES,12.2
10X141,CSD 10,RIVERDALE / KINGSBRIDGE ACADEMY (MIDDLE SCHOOL / HIGH SCHOOL 141),14.9
10X159,CSD 10,PS 159 LUIS MUNOZ MARIN BILING,13.9
10X205,CSD 10,PS 205 FIORELLO LAGUARDIA,12.7
10X206,CSD 10,IS 206 ANN MERSEREAU,12.3
10X207,CSD 10,PS 207,12.7
10X209,CSD 10,PS 209,12.3
10X213,CSD 10,BRONX ENGINEERING AND TECHNOLOGY ACADEMY,13.6
10X225,CSD 10,THEATRE ARTS PRODUCTION COMPANY SCHOOL,10.6
10X226,CSD 10,PS 226,13.4
10X228,CSD 10,JONAS BRONCK ACADEMY,13.5
10X237,CSD 10,"THE MARIE CURIE SCHOOL FOR MEDICINE, NURSING, AND HEALTH PROFESSIONS",11.9
10X243,CSD 10,WEST BRONX ACADEMY FOR THE FUTURE,12.1
10X244,CSD 10,THE NEW SCHOOL FOR LEADERSHIP AND JOURNALISM,14.7
10X246,CSD 10,PS 246 POE CENTER,11.2
10X254,CSD 10,IS 254,14.2
10X264,CSD 10,BRONX ACADEMY FOR SOFTWARE ENGINEERING (BASE),10.8
10X268,CSD 10,KINGSBRIDGE INTERNATIONAL HIGH SCHOOL,15.1
10X279,CSD 10,"PS 279 CAPTAIN MANUEL RIVERA, JR",13.7
10X280,CSD 10,PS/MS 280 MOSHOLU PARKWAY,12.7
10X284,CSD 10,BRONX SCHOOL OF LAW AND FINANCE,13.8
10X291,CSD 10,PS 291,13.4
10X306,CSD 10,PS 306,14.3
10X307,CSD 10,LUISA PINEIRO FUENTES SCHOOL OF SCIENCE AND DISCOVERY,11.4
10X308,CSD 10,BRONX DANCE ACADEMY SCHOOL,13.2
10X310,CSD 10,PS 310 MARBLE HILL,12.9
10X315,CSD 10,PS 315 LAB SCHOOL,16.3
10X319,CSD 10,PROVIDING URBAN LEARNERS SUCCESS IN EDUCATION HIGH SCHOOL,15.4
10X331,CSD 10,THE BRONX SCHOOL OF YOUNG LEADERS,12.3
10X340,CSD 10,PS 340,12.8
10X342,CSD 10,INTERNATIONAL SCHOOL FOR LIBERAL ARTS,11.9
10X344,CSD 10,AMPARK NEIGHBORHOOD,15.7
10X351,CSD 10,BRONX COLLABORATIVE HIGH SCHOOL,12.5
10X353,CSD 10,WORLD VIEW HIGH SCHOOL,12
10X360,CSD 10,PS 360,12.1
10X363,CSD 10,ACADEMY FOR PERSONAL LEADERSHIP AND EXCELLENCE,10
10X368,CSD 10,IN-TECH ACADEMY (MS / HIGH SCHOOL 368),14.6
10X374,CSD 10,KNOWLEDGE AND POWER PREPARATORY ACADEMY INTERNATIONAL HIGH SCHOOL (KAPPA),11.3
10X382,CSD 10,"ELEMENTARY SCHOOL FOR MATH, SCIENCE, AND TECHNOLOGY",14.5
10X386,CSD 10,SCHOOL FOR ENVIRONMENTAL CITIZENSHIP,12.5
10X390,CSD 10,MS 390,12.1
10X391,CSD 10,THE ANGELO PATRI MIDDLE SCHOOL,10.5
10X396,CSD 10,PS 396,4.9
10X397,CSD 10,ENGLISH LANGUAGE LEARNERS AND INTERNATIONAL SUPPORT PREPARATORY ACADEMY (ELLIS),13.1
10X433,CSD 10,HIGH SCHOOL FOR TEACHING AND THE PROFESSIONS,13.1
10X434,CSD 10,BELMONT PREPARATORY HIGH SCHOOL,13.4
10X437,CSD 10,FORDHAM HIGH SCHOOL FOR THE ARTS,9.2
10X438,CSD 10,FORDHAM LEADERSHIP ACADEMY FOR BUSINESS AND TECHNOLOGY,9.9
10X439,CSD 10,BRONX HIGH SCHOOL FOR LAW AND COMMUNITY SERVICE,12.7
10X440,CSD 10,DEWITT CLINTON HIGH SCHOOL,13.2
10X442,CSD 10,"CELIA CRUZ BRONX HIGH SCHOOL OF MUSIC, THE",14.5
10X445,CSD 10,BRONX HIGH SCHOOL OF SCIENCE,21.9
10X447,CSD 10,CRESTON ACADEMY,11.7
10X459,CSD 10,EAST FORDHAM ACADEMY FOR THE ARTS,11.6
10X477,CSD 10,MARBLE HILL HIGH SCHOOL FOR INTERNATIONAL STUDIES,14.3
10X524,CSD 10,CROTONA INTERNATIONAL HIGH SCHOOL,12.6
10X546,CSD 10,BRONX THEATRE HIGH SCHOOL,14.7
10X549,CSD 10,DISCOVERY HIGH SCHOOL,17.9
10X565,CSD 10,HIGH SCHOOL FOR ENERGY AND TECHNOLOGY,12.2
10X696,CSD 10,HIGH SCHOOL OF AMERICAN STUDIES AT LEHMAN COLLEGE,16.4
11X016,CSD 11,PS 016 WAKEFIELD,13.6
11X019,CSD 11,PS 019 JUDITH K WEISS,16.3
11X021,CSD 11,PS 021 PHILIP H SHERIDAN,14.4
11X041,CSD 11,PS 041 GUN HILL ROAD,14
11X068,CSD 11,PS 068 BRONX,9.1
11X076,CSD 11,PS 076 THE BENNINGTON SCHOOL,12.9
11X078,CSD 11,PS 078 ANNE HUTCHINSON,15
11X083,CSD 11,PS 083 DONALD HERTZ,14.5
11X087,CSD 11,PS 087 BRONX,15.9
11X089,CSD 11,PS 089 BRONX,17.4
11X096,CSD 11,PS 096 RICHARD RODGERS,13
11X097,CSD 11,PS 097 BRONX,12.8
11X103,CSD 11,PS 103 HECTOR FONTANEZ,13.1
11X105,CSD 11,PS 105 SEN ABRAHAM BERNSTEIN,13.3
11X106,CSD 11,PS 106 PARKCHESTER,15.2
11X108,CSD 11,PS 108 PHILIP J ABINANTI,15.2
11X111,CSD 11,PS 111 SETON FALLS,12.6
11X112,CSD 11,PS 112 BRONXWOOD,13.4
11X121,CSD 11,PS 121 THROOP,14.4
11X127,CSD 11,JHS 127 THE CASTLE HILL,13.9
11X144,CSD 11,JHS 144 MICHELANGELO,12.9
11X153,CSD 11,PS 153 HELEN KELLER,15.2
11X160,CSD 11,PS 160 WALT DISNEY,10.4
11X169,CSD 11,BAYCHESTER ACADEMY,16.6
11X175,CSD 11,PS 175 CITY ISLAND,13.4
11X178,CSD 11,PS 178 - DR SELMAN WAKSMAN,11.3
11X180,CSD 11,MS 180 DR DANIEL HALE WILLIAMS,14.5
11X181,CSD 11,IS 181 PABLO CASALS,15.3
11X189,CSD 11,CORNERSTONE ACADEMY FOR SOCIAL ACTION,12.6
11X194,CSD 11,PS/MS 194,14.5
11X249,CSD 11,BRONX HEALTH SCIENCES HIGH SCHOOL,14.4
11X253,CSD 11,BRONX HIGH SCHOOL FOR WRITING AND COMMUNICATION ARTS,13.3
11X265,CSD 11,BRONX LAB SCHOOL,11.3
11X270,CSD 11,ACADEMY FOR SCHOLARSHIP AND ENTREPRENEURSHIP: A COLLEGE BOARD SCHOOL,14.2
11X275,CSD 11,HIGH SCHOOL OF COMPUTERS AND TECHNOLOGY,13.6
11X287,CSD 11,THE FORWARD SCHOOL,12.2
11X288,CSD 11,COLLEGIATE INSTITUTE FOR MATH AND SCIENCE,17.9
11X290,CSD 11,BRONX ACADEMY OF HEALTH CAREERS,12.4
11X299,CSD 11,ASTOR COLLEGIATE ACADEMY,15.5
11X326,CSD 11,BRONX GREEN MIDDLE SCHOOL,14.4
11X355,CSD 11,BRONX ALLIANCE MIDDLE SCHOOL,11.5
11X357,CSD 11,YOUNG VOICES ACADEMY OF THE BRONX,15.4
11X370,CSD 11,SCHOOL OF DIPLOMACY,11
11X418,CSD 11,BRONX HIGH SCHOOL FOR THE VISUAL ARTS,14.3
11X455,CSD 11,HARRY S TRUMAN HIGH SCHOOL,17.8
11X462,CSD 11,CORNERSTONE ACADEMY FOR SOCIAL ACTION MIDDLE SCHOOL (CASA),14.1
11X468,CSD 11,PELHAM ACADEMY OF ACADEMICS AND COMMUNITY ENGAGEMENT,13.2
11X481,CSD 11,PS 481,13.7
11X483,CSD 11,PS 483,12.5
11X498,CSD 11,PS/MS 11X498 - VAN NEST ACADEMY,15.2
11X508,CSD 11,BRONXDALE HIGH SCHOOL,11.5
11X509,CSD 11,HIGH SCHOOL OF LANGUAGE AND INNOVATION,11.7
11X513,CSD 11,NEW WORLD HIGH SCHOOL,14.2
11X514,CSD 11,THE BRONXWOOD PREPARATORY ACADEMY,13.5
11X529,CSD 11,ONE WORLD MIDDLE SCHOOL AT EDENWALD,9.1
11X532,CSD 11,BAYCHESTER MIDDLE SCHOOL,11
11X542,CSD 11,PELHAM PREPARATORY ACADEMY,17.2
11X544,CSD 11,HIGH SCHOOL FOR CONTEMPORARY ARTS,13.3
11X545,CSD 11,BRONX AEROSPACE HIGH SCHOOL,12.3
11X556,CSD 11,BRONX PARK MIDDLE SCHOOL,10.5
11X566,CSD 11,PELHAM GARDENS MIDDLE SCHOOL,13.2
11X567,CSD 11,LINDEN TREE ELEMENTARY SCHOOL,11.6
12X006,CSD 12,PS 006 WEST FARMS,12.6
12X044,CSD 12,PS 044 DAVID C FARRAGUT,11.3
12X047,CSD 12,PS 047 JOHN RANDOLPH,13.4
12X057,CSD 12,PS 057 CRESCENT,14.9
12X061,CSD 12,PS 061 FRANCISCO OLLER,14.1
12X066,CSD 12,PS 066 SCHOOL OF HIGHER EXPECTATIONS,11
12X067,CSD 12,PS 067 MOHEGAN SCHOOL,12.5
12X098,CSD 12,JHS 098 HERMAN RIDDER,10.7
12X129,CSD 12,MS 129 ACADEMY FOR INDEPENDENT LEARNING AND LEADERSHIP,14.2
12X134,CSD 12,PS 134 GEORGE F BRISTOW,13.2
12X150,CSD 12,PS 150 CHARLES JAMES FOX,13.4
12X190,CSD 12,ESMT- IS 190,13.2
12X195,CSD 12,PS 195,13.6
12X196,CSD 12,PS 196,13
12X211,CSD 12,PS 211,11.6
12X212,CSD 12,PS 212,9
12X214,CSD 12,PS 214,13.6
12X217,CSD 12,SCHOOL OF PERFORMING ARTS,9.7
12X242,CSD 12,MOTT HALL V,10.8
12X248,CSD 12,"METROPOLITAN HIGH SCHOOL, THE",9.6
12X251,CSD 12,EXPLORATIONS ACADEMY,11.7
12X267,CSD 12,BRONX LATIN,12.2
12X271,CSD 12,EAST BRONX ACADEMY FOR THE FUTURE,10.7
12X273,CSD 12,FREDERICK DOUGLASS ACADEMY V MIDDLE SCHOOL,13.4
12X286,CSD 12,FANNIE LOU HAMER MIDDLE SCHOOL,10
12X300,CSD 12,THE SCHOOL OF SCIENCE AND APPLIED LEARNING,12.3
12X314,CSD 12,FAIRMONT NEIGHBORHOOD SCHOOL,10.2
12X316,CSD 12,KAPPA III,12.9
12X318,CSD 12,"IS X318 MATH, SCIENCE & TECHNOLOGY THROUGH ARTS",9.8
12X341,CSD 12,ACCION ACADEMY,11.9
12X383,CSD 12,EMOLIOR ACADEMY,15.5
12X388,CSD 12,PAN AMERICAN INTERNATIONAL HIGH SCHOOL AT MONROE,12.3
12X446,CSD 12,ARTURO A SCHOMBURG SATELLITE ACADEMY BRONX,13
12X458,CSD 12,SAMARA COMMUNITY SCHOOL,11.6
12X463,CSD 12,URBAN SCHOLARS COMMUNITY SCHOOL,9.4
12X478,CSD 12,THE CINEMA SCHOOL,15.8
12X479,CSD 12,BRONX CAREER AND COLLEGE PREPARATORY HIGH SCHOOL,11.6
12X480,CSD 12,BRONX REGIONAL HIGH SCHOOL,13.9
12X511,CSD 12,BRONX ENVISION ACADEMY,11.9
12X521,CSD 12,THE METROPOLITAN SOUNDVIEW HIGH SCHOOL,11.2
12X531,CSD 12,ARCHER ELEMENTARY SCHOOL,12
12X536,CSD 12,PS 536,14
12X550,CSD 12,HIGH SCHOOL OF WORLD CULTURES,13.4
12X595,CSD 12,PS 595,9.7
12X682,CSD 12,FANNIE LOU HAMER FREEDOM HIGH SCHOOL,13.2
12X684,CSD 12,WINGS ACADEMY,13.5
12X691,CSD 12,BRONX LITTLE SCHOOL,11.8
13K003,CSD 13,PS 003 THE BEDFORD VILLAGE,14.9
13K008,CSD 13,PS 008 ROBERT FULTON,15.3
13K009,CSD 13,PS 009 TEUNIS G BERGEN,17.1
13K011,CSD 13,PS 011 PURVIS J BEHAN,17.1
13K020,CSD 13,PS 020 CLINTON HILL,15
13K044,CSD 13,PS 044 MARCUS GARVEY,12
13K046,CSD 13,PS 046 EDWARD C BLUM,10
13K054,CSD 13,PS 054 SAMUEL C BARNES,9.9
13K056,CSD 13,PS 056 LEWIS H LATIMER,11.2
13K067,CSD 13,PS 067 CHARLES A DORSEY,10.8
13K093,CSD 13,PS 093 WILLIAM H PRESCOTT,11.6
13K113,CSD 13,MS 113 RONALD EDMONDS LEARNING CENTER,10.6
13K133,CSD 13,PS 133 WILLIAM A BUTLER,13.9
13K256,CSD 13,PS 256 BENJAMIN BANNEKER,17.3
13K265,CSD 13,DR SUSAN S MCKINNEY SECONDARY SCHOOL OF THE ARTS,9.7
13K266,CSD 13,MS K266 - PARK PLACE COMMUNITY MIDDLE SCHOOL,10.3
13K270,CSD 13,PS 270 JOHANN DEKALB,8.2
13K282,CSD 13,PS 282 PARK SLOPE,12.9
13K287,CSD 13,PS 287 BAILEY K ASHFORD,9.5
13K301,CSD 13,SATELLITE EAST MIDDLE SCHOOL,7.5
13K305,CSD 13,PS 305 DR PETER RAY,11.5
13K307,CSD 13,PS 307 DANIEL HALE WILLIAMS,7.6
13K313,CSD 13,SATELLITE WEST MIDDLE SCHOOL,11.9
13K350,CSD 13,URBAN ASSEMBLY HIGH SCHOOL OF MUSIC AND ART,12.7
13K351,CSD 13,THE URBAN ASSEMBLY UNISON SCHOOL,9.2
13K412,CSD 13,"BROOKLYN COMMUNITY HIGH SCHOOL OF COMMUNICATION, ARTS AND MEDIA",12.9
13K419,CSD 13,"SCIENCE SKILLS CENTER HIGH SCHOOL FOR SCIENCE, TECHNOLOGY AND THE CREATIVE ARTS",16.5
13K430,CSD 13,BROOKLYN TECHNICAL HIGH SCHOOL,21.8
13K439,CSD 13,BROOKLYN INTERNATIONAL HIGH SCHOOL,14.2
13K483,CSD 13,THE URBAN ASSEMBLY SCHOOL FOR LAW AND JUSTICE,14.9
13K492,CSD 13,ACADEMY OF ARTS AND LETTERS,15.2
13K499,CSD 13,ACORN COMMUNITY HIGH SCHOOL,13.4
13K527,CSD 13,URBAN ASSEMBLY INSTITUTE OF MATH AND SCIENCE FOR YOUNG WOMEN,13.1
13K553,CSD 13,BROOKLYN ACADEMY HIGH SCHOOL,12.4
13K594,CSD 13,GOTHAM PROFESSIONAL ARTS ACADEMY,12.7
13K595,CSD 13,BEDFORD ACADEMY HIGH SCHOOL,17.1
13K605,CSD 13,GEORGE WESTINGHOUSE CAREER AND TECHNICAL EDUCATION HIGH SCHOOL,14.6
13K616,CSD 13,BROOKLYN HIGH SCHOOL FOR LEADERSHIP AND COMMUNITY SERVICE,12.9
13K670,CSD 13,BENJAMIN BANNEKER ACADEMY,16.9
13K674,CSD 13,"CITY POLYTECHNIC HIGH SCHOOL OF ENGINEERING, ARCHITECTURE, AND TECHNOLOGY",14.9
13K691,CSD 13,FORT GREENE PREPARATORY ACADEMY,10.8
14K016,CSD 14,PS 016 LEONARD DUNKLY,15.6
14K017,CSD 14,PS 017 HENRY D WOODWORTH,10.4
14K018,CSD 14,PS 018 EDWARD BUSH,10.9
14K023,CSD 14,PS 023 CARTER G WOODSON,11
14K031,CSD 14,PS 031 SAMUEL F DUPONT,16.4
14K034,CSD 14,PS 034 OLIVER H PERRY,15.4
14K050,CSD 14,JHS 050 JOHN D WELLS,12.7
14K059,CSD 14,PS 059 WILLIAM FLOYD,12
14K071,CSD 14,JUAN MOREL CAMPOS SECONDARY SCHOOL,9.1
14K084,CSD 14,PS 084 JOSE DE DIEGO,9
14K110,CSD 14,PS 110 THE MONITOR,16.2
14K120,CSD 14,PS 120 CARLOS TAPIA,13.3
14K126,CSD 14,JOHN ERICSSON MIDDLE SCHOOL 126,10.5
14K132,CSD 14,PS 132 THE CONSELYEA SCHOOL,17.2
14K147,CSD 14,PS 147 ISAAC REMSEN,14
14K157,CSD 14,PS/IS 157 THE BENJAMIN FRANKLIN HEALTH & SCIENCE ACADEMY,11.5
14K196,CSD 14,PS 196 TEN EYCK,11
14K250,CSD 14,PS 250 GEORGE H LINDSAY,14
14K257,CSD 14,PS 257 JOHN F HYLAN,13.8
14K297,CSD 14,PS 297 ABRAHAM STOCKTON,12.7
14K318,CSD 14,IS 318 EUGENIO MARIA DE HOSTOS,14.6
14K319,CSD 14,PS 319,10.5
14K380,CSD 14,PS 380 JOHN WAYNE ELEMENTARY,11.3
14K414,CSD 14,BROOKLYN ARBOR ELEMENTARY SCHOOL,15.1
14K449,CSD 14,"BROOKLYN LATIN SCHOOL, THE",18.3
14K454,CSD 14,GREEN SCHOOL: AN ACADEMY FOR ENVIRONMENTAL CAREERS,12.2
14K474,CSD 14,PROGRESS HIGH SCHOOL FOR PROFESSIONAL CAREERS,15
14K477,CSD 14,SCHOOL FOR LEGAL STUDIES,12.7
14K478,CSD 14,"THE HIGH SCHOOL FOR ENTERPRISE, BUSINESS AND TECHNOLOGY",16
14K488,CSD 14,BROOKLYN PREPARATORY HIGH SCHOOL,15.2
14K558,CSD 14,WILLIAMSBURG HIGH SCHOOL FOR ARCHITECTURE AND DESIGN,16.6
14K561,CSD 14,WILLIAMSBURG PREPARATORY SCHOOL,14.8
14K577,CSD 14,CONSELYEA PREPARATORY SCHOOL,14.1
14K582,CSD 14,MS 582,11.6
14K586,CSD 14,LYONS COMMUNITY SCHOOL,10.9
14K610,CSD 14,AUTOMOTIVE HIGH SCHOOL,8.7
14K614,CSD 14,YOUNG WOMEN'S LEADERSHIP SCHOOL OF BROOKLYN,12.1
14K685,CSD 14,EL PUENTE ACADEMY FOR PEACE AND JUSTICE,14.4
15K001,CSD 15,PS 001 THE BERGEN,11.8
15K010,CSD 15,"MAGNET SCHOOL OF MATH, SCIENCE AND DESIGN TECHNOLOGY",14.7
15K015,CSD 15,PS 015 PATRICK F DALY,10.4
15K024,CSD 15,PS 024,11.4
15K029,CSD 15,PS 029 JOHN M HARRIGAN,16.4
15K032,CSD 15,PS 032 SAMUEL MILLS SPROLE,7.4
15K038,CSD 15,PS 038 THE PACIFIC,18.9
15K039,CSD 15,PS 039 HENRY BRISTOW,15.6
15K051,CSD 15,MS 51 WILLIAM ALEXANDER,17.6
15K058,CSD 15,PS 058 THE CARROLL,16.1
15K088,CSD 15,JHS 088 PETER ROUGET,14.8
15K094,CSD 15,PS 094 THE HENRY LONGFELLOW,13.1
15K107,CSD 15,PS 107 JOHN W KIMBALL,15.3
15K118,CSD 15,THE MAURICE SENDAK COMMUNITY SCHOOL,20.4
15K124,CSD 15,PS 124 SILAS B DUTCHER,11.6
15K130,CSD 15,PS 130 THE PARKSIDE,13.9
15K131,CSD 15,PS 131 BROOKLYN,12.4
15K136,CSD 15,IS 136 CHARLES O DEWEY,10.7
15K146,CSD 15,PS 146,13.4
15K154,CSD 15,THE WINDSOR TERRACE SCHOOL,16.1
15K169,CSD 15,PS 169 SUNSET PARK,12.8
15K172,CSD 15,PS 172 BEACON SCHOOL OF EXCELLENCE,11
15K230,CSD 15,PS 230 DORIS L COHEN,13.3
15K261,CSD 15,PS 261 PHILIP LIVINGSTON,14.9
15K295,CSD 15,PS 295,11.2
15K321,CSD 15,PS 321 WILLIAM PENN,16.9
15K418,CSD 15,THE CHILDRENS SCHOOL,12.2
15K423,CSD 15,BROOKLYN FRONTIERS HIGH SCHOOL,7.5
15K429,CSD 15,BROOKLYN SCHOOL FOR GLOBAL STUDIES,11.8
15K442,CSD 15,MS 442 CARROLL GARDENS SCHOOL FOR INNOVATION,8.8
15K443,CSD 15,NEW VOICES SCHOOL OF ACADEMIC & CREATIVE ARTS,16.5
15K447,CSD 15,THE MATH & SCIENCE EXPLORATORY SCHOOL,11.1
15K448,CSD 15,BROOKLYN SECONDARY SCHOOL FOR COLLABORATIVE STUDIES,11.4
15K462,CSD 15,SECONDARY SCHOOL FOR LAW,13.2
15K463,CSD 15,SECONDARY SCHOOL FOR JOURNALISM,17.9
15K464,CSD 15,PARK SLOPE COLLEGIATE,12.9
15K497,CSD 15,SCHOOL FOR INTERNATIONAL STUDIES,14.2
15K516,CSD 15,SUNSET PARK AVENUES ELEMENTARY SCHOOL,11.9
15K519,CSD 15,COBBLE HILL SCHOOL OF AMERICAN STUDIES,14.1
15K529,CSD 15,WEST BROOKLYN COMMUNITY HIGH SCHOOL,12.3
15K592,CSD 15,KHALIL GIBRAN INTERNATIONAL ACADEMY,8.7
15K656,CSD 15,BROOKLYN HIGH SCHOOL OF THE ARTS,14.9
15K667,CSD 15,SUNSET PARK HIGH SCHOOL,11.4
15K676,CSD 15,RED HOOK NEIGHBORHOOD SCHOOL,7.7
15K684,CSD 15,MILLENNIUM BROOKLYN HS,11.4
15K698,CSD 15,SOUTH BROOKLYN COMMUNITY HIGH SCHOOL,12.4
15K821,CSD 15,SUNSET PARK PREP,12.7
15K839,CSD 15,MS 839,11.9
15K896,CSD 15,THE SCHOOL OF CREATIVITY AND INNOVATION,6
16K005,CSD 16,PS 005 DR RONALD MCNAIR,14
16K021,CSD 16,PS 021 CRISPUS ATTUCKS,14.8
16K025,CSD 16,PS 025 EUBIE BLAKE SCHOOL,6.1
16K026,CSD 16,PS 026 JESSE OWENS,9.6
16K028,CSD 16,PS 028 THE WARREN PREP ACADEMY,7
16K035,CSD 16,MS 035 STEPHEN DECATUR,12.6
16K040,CSD 16,PS 040 GEORGE W CARVER,12.9
16K057,CSD 16,JHS 057 WHITELAW REID,10.9
16K081,CSD 16,PS 081 THADDEUS STEVENS,9.2
16K243,CSD 16,PS 243K- THE WEEKSVILLE SCHOOL,9.7
16K262,CSD 16,PS 262 EL HAJJ MALIK EL SHABAZZ ELEMENTARY SCHOOL,12
16K267,CSD 16,"MS 267 MATH, SCIENCE & TECHNOLOGY",10.3
16K308,CSD 16,PS 308 CLARA CARDWELL,9.3
16K309,CSD 16,PS 309 THE GEORGE E WIBECAN PREPARATORY ACADEMY,9.8
16K335,CSD 16,PS 335 GRANVILLE T WOODS,9.4
16K455,CSD 16,BOYS AND GIRLS HIGH SCHOOL,11.3
16K498,CSD 16,BROOKLYN HIGH SCHOOL FOR LAW AND TECHNOLOGY,15.4
16K627,CSD 16,BRIGHTER CHOICE COMMUNITY SCHOOL,14.4
16K628,CSD 16,BROOKLYN BROWNSTONE SCHOOL,13.5
16K669,CSD 16,RESEARCH AND SERVICE HIGH SCHOOL,16.4
16K681,CSD 16,MADIBA PREP MIDDLE SCHOOL,10.9
16K688,CSD 16,THE BROOKLYN ACADEMY OF GLOBAL FINANCE,9.3
16K765,CSD 16,NELSON MANDELA HIGH SCHOOL,13.4
16K898,CSD 16,THE BROOKLYN GREEN SCHOOL,8.2
17K002,CSD 17,PARKSIDE PREPARATORY ACADEMY,14.5
17K006,CSD 17,PS 006,14.3
17K012,CSD 17,DR JACQUELINE PEEK-DAVIS SCHOOL,16.4
17K061,CSD 17,MS 061 DR GLADSTONE H ATWELL,15.5
17K091,CSD 17,PS 091 THE ALBANY AVENUE SCHOOL,13.8
17K092,CSD 17,PS 092 ADRIAN HEGEMAN,11.6
17K122,CSD 17,PATHWAYS IN TECHNOLOGY EARLY COLLEGE HIGH SCHOOL (P-TECH),17
17K138,CSD 17,PS 138 BROOKLYN,12.4
17K161,CSD 17,PS 161 THE CROWN,13.9
17K181,CSD 17,PS 181 BROOKLYN,14.9
17K189,CSD 17,PS 189 THE BILINGUAL CENTER,14.5
17K191,CSD 17,PS 191 PAUL ROBESON,10.5
17K221,CSD 17,PS 221 TOUSSAINT L'OUVERTURE,14.3
17K241,CSD 17,PS 241 EMMA L JOHNSTON,15.3
17K246,CSD 17,MS 246 WALT WHITMAN,14.1
17K249,CSD 17,PS 249 THE CATON,15.6
17K289,CSD 17,PS 289 GEORGE V BROWER,12.3
17K316,CSD 17,PS 316 ELIJAH STROUD,11.7
17K340,CSD 17,IS 340,12.8
17K352,CSD 17,EBBETS FIELD MIDDLE SCHOOL,8.1
17K353,CSD 17,ELIJAH STROUD MIDDLE SCHOOL,12.3
17K354,CSD 17,THE SCHOOL OF INTEGRATED LEARNING,10.8
17K375,CSD 17,PS 375 JACKIE ROBINSON SCHOOL,11.9
17K382,CSD 17,ACADEMY FOR COLLEGE PREPARATION AND CAREER EXPLORATION: A COLLEGE BOARD SCHOOL,15.6
17K394,CSD 17,MS K394,13.8
17K397,CSD 17,PS 397 FOSTER-LAURIE,11.1
17K398,CSD 17,PS 398 WALTER WEAVER,11.3
17K399,CSD 17,PS 399 STANLEY EUGENE CLARK,15.2
17K408,CSD 17,ACADEMY OF HOSPITALITY AND TOURISM,12.2
17K484,CSD 17,RONALD EDMONDS LEARNING CENTER II,11.1
17K524,CSD 17,INTERNATIONAL HIGH SCHOOL AT PROSPECT HEIGHTS,12.1
17K528,CSD 17,THE HIGH SCHOOL FOR GLOBAL CITIZENSHIP,17
17K531,CSD 17,"SCHOOL FOR HUMAN RIGHTS, THE",13
17K532,CSD 17,NEW BRIDGES ELEMENTARY,11
17K537,CSD 17,HIGH SCHOOL FOR YOUTH AND COMMUNITY DEVELOPMENT AT ERASMUS,19.6
17K539,CSD 17,HIGH SCHOOL FOR SERVICE & LEARNING AT ERASMUS,14.8
17K543,CSD 17,"SCIENCE, TECHNOLOGY AND RESEARCH EARLY COLLEGE HIGH SCHOOL AT ERASMUS",17.7
17K546,CSD 17,HIGH SCHOOL FOR PUBLIC SERVICE: HEROES OF TOMORROW,15.6
17K547,CSD 17,BROOKLYN ACADEMY OF SCIENCE AND THE ENVIRONMENT,16.9
17K548,CSD 17,BROOKLYN SCHOOL FOR MUSIC & THEATRE,13.5
17K568,CSD 17,BROWNSVILLE ACADEMY HIGH SCHOOL,14.2
17K590,CSD 17,MEDGAR EVERS COLLEGE PREPARATORY SCHOOL,20.6
17K600,CSD 17,CLARA BARTON HIGH SCHOOL,15.7
17K646,CSD 17,ASPIRATIONS DIPLOMA PLUS HIGH SCHOOL,8.4
17K705,CSD 17,BROOKLYN ARTS AND SCIENCE ELEMENTARY SCHOOL,13.2
17K722,CSD 17,NEW HEIGHTS MIDDLE SCHOOL,11
17K745,CSD 17,BROOKLYN INSTITUTE FOR LIBERAL ARTS,15
17K751,CSD 17,ACADEMY FOR HEALTH CAREERS,10.8
17K770,CSD 17,PS 770 NEW AMERICAN ACADEMY,14.9
18K066,CSD 18,PS 66,14.8
18K068,CSD 18,IS 068 ISAAC BILDERSEE,10.5
18K114,CSD 18,PS 114 RYDER ELEMENTARY,12.7
18K115,CSD 18,PS 115 DANIEL MUCATEL SCHOOL,16
18K135,CSD 18,PS 135 SHELDON A BROOKNER,15.8
18K208,CSD 18,PS 208 ELSA EBELING,11.1
18K211,CSD 18,IS 211 JOHN WILSON,12.9
18K219,CSD 18,PS 219 KENNEDY-KING,14.9
18K233,CSD 18,PS 233 LANGSTON HUGHES,12.1
18K235,CSD 18,PS 235 LENOX SCHOOL,17.6
18K244,CSD 18,PS 244 RICHARD R GREEN,8.8
18K268,CSD 18,PS 268 EMMA LAZARUS,11
18K272,CSD 18,PS 272 CURTIS ESTABROOK,10.5
18K276,CSD 18,PS 276 LOUIS MARSHALL,13.6
18K279,CSD 18,PS 279 HERMAN SCHREIBER,14.8
18K285,CSD 18,IS 285 MEYER LEVIN,14.2
18K366,CSD 18,THE SCIENCE AND MEDICINE MIDDLE SCHOOL,12.3
18K563,CSD 18,IT TAKES A VILLAGE ACADEMY,13
18K566,CSD 18,BROOKLYN GENERATION SCHOOL,9.9
18K567,CSD 18,BROOKLYN THEATRE ARTS HIGH SCHOOL,19.4
18K569,CSD 18,KURT HAHN EXPEDITIONARY LEARNING SCHOOL,11.4
18K576,CSD 18,VICTORY COLLEGIATE HIGH SCHOOL,11.4
18K578,CSD 18,BROOKLYN BRIDGE ACADEMY,13.6
18K581,CSD 18,EAST FLATBUSH COMMUNITY RESEARCH SCHOOL,17.2
18K588,CSD 18,MIDDLE SCHOOL FOR ART AND PHILOSOPHY,9.3
18K617,CSD 18,HIGH SCHOOL FOR INNOVATION IN ADVERTISING AND MEDIA,10.6
18K629,CSD 18,CULTURAL ACADEMY FOR THE ARTS AND SCIENCES,12
18K633,CSD 18,HIGH SCHOOL FOR MEDICAL PROFESSIONS,17.1
18K635,CSD 18,OLYMPUS ACADEMY,13.5
18K637,CSD 18,ACADEMY FOR CONSERVATION AND THE ENVIRONMENT,13
18K642,CSD 18,URBAN ACTION ACADEMY,15.3
18K673,CSD 18,EAST BROOKLYN COMMUNITY HIGH SCHOOL,9.3
18K763,CSD 18,BROOKLYN SCIENCE AND ENGINEERING ACADEMY,13.3
19K007,CSD 19,PS 007 ABRAHAM LINCOLN,13.8
19K013,CSD 19,PS 013 ROBERTO CLEMENTE,11.7
19K065,CSD 19,PS 065,16.9
19K089,CSD 19,PS 089 CYPRESS HILLS,10.7
19K108,CSD 19,PS 108 SAL ABBRACCIAMENTO,13.5
19K149,CSD 19,PS 149 DANNY KAYE,15.4
19K158,CSD 19,PS 158 WARWICK,14.8
19K159,CSD 19,PS 159 ISAAC PITKIN,15.8
19K171,CSD 19,IS 171 ABRAHAM LINCOLN,12.6
19K190,CSD 19,PS 190 SHEFFIELD,11.9
19K202,CSD 19,PS 202 ERNEST S JENKYNS,12.7
19K213,CSD 19,PS 213 NEW LOTS,14.3
19K214,CSD 19,PS 214 MICHAEL FRIEDSAM,14.3
19K218,CSD 19,JHS 218 JAMES P SINNOTT,11.7
19K224,CSD 19,PS 224 HALE A WOODRUFF,12.2
19K273,CSD 19,PS 273 WORTMAN,13.8
19K290,CSD 19,PS 290 JUAN MOREL CAMPOS,10.9
19K292,CSD 19,JHS 292 MARGARET S DOUGLAS,13.2
19K306,CSD 19,PS 306 ETHAN ALLEN,10.6
19K325,CSD 19,THE FRESH CREEK SCHOOL,12.1
19K328,CSD 19,PS 328 PHYLLIS WHEATLEY,10.2
19K345,CSD 19,PS 345 PATROLMAN ROBERT BOLDEN,14.5
19K346,CSD 19,PS 346 ABE STARK,11.3
19K364,CSD 19,IS 364 GATEWAY,13.3
19K404,CSD 19,ACADEMY FOR YOUNG WRITERS,12.1
19K409,CSD 19,EAST NEW YORK FAMILY ACADEMY,12.6
19K422,CSD 19,SPRING CREEK COMMUNITY SCHOOL,10.7
19K452,CSD 19,FREDERICK DOUGLASS ACADEMY VIII MIDDLE SCHOOL,13.3
19K502,CSD 19,FDNY HIGH SCHOOL FOR FIRE AND LIFE SAFETY,12.7
19K504,CSD 19,HIGH SCHOOL FOR CIVIL RIGHTS,16.2
19K507,CSD 19,PERFORMING ARTS AND TECHNOLOGY HIGH SCHOOL,14.2
19K510,CSD 19,WORLD ACADEMY FOR TOTAL COMMUNITY HEALTH HIGH SCHOOL,12.5
19K557,CSD 19,BROOKLYN GARDENS ELEMENTARY SCHOOL,10.4
19K583,CSD 19,MULTICULTURAL HIGH SCHOOL,12.2
19K615,CSD 19,TRANSIT TECH CAREER AND TECHNICAL EDUCATION HIGH SCHOOL,13.5
19K618,CSD 19,ACADEMY OF INNOVATIVE TECHNOLOGY,12.4
19K639,CSD 19,BROOKLYN LAB SCHOOL,13.8
19K654,CSD 19,VAN SICLEN COMMUNITY MIDDLE SCHOOL,14.6
19K659,CSD 19,CYPRESS HILLS COLLEGIATE PREPARATORY SCHOOL,14.2
19K660,CSD 19,W H MAXWELL CAREER AND TECHNICAL EDUCATION HIGH SCHOOL,11.3
19K661,CSD 19,VISTA ACADEMY,17
19K662,CSD 19,LIBERTY AVENUE MIDDLE SCHOOL,11.5
19K663,CSD 19,SCHOOL OF THE FUTURE BROOKLYN,9.8
19K677,CSD 19,EAST NEW YORK ELEMENTARY SCHOOL OF EXCELLENCE,13.3
19K678,CSD 19,EAST NEW YORK MIDDLE SCHOOL OF EXCELLENCE,12.7
19K683,CSD 19,"THE SCHOOL FOR CLASSICS: AN ACADEMY OF THINKERS, WRITERS AND PEFORMERS",14.1
19K760,CSD 19,HIGHLAND PARK COMMUNITY SCHOOL,15.8
19K764,CSD 19,THE URBAN ASSEMBLY SCHOOL FOR COLLABORATIVE HEALTHCARE,14.2
19K907,CSD 19,MS 907,11.1
20K030,CSD 20,PS/IS 30 MARY WHITE OVINGTON,12.8
20K048,CSD 20,PS 048 MAPLETON,14.3
20K062,CSD 20,JHS 062 DITMAS,15.6
20K069,CSD 20,PS 69 VINCENT D GRIPPO SCHOOL,14.6
20K102,CSD 20,PS 102 THE BAYVIEW,15
20K104,CSD 20,PS/IS 104 THE FORT HAMILTON SCHOOL,18.3
20K105,CSD 20,PS 105 THE BLYTHEBOURNE,15.6
20K112,CSD 20,PS 112 LEFFERTS PARK,13.1
20K127,CSD 20,PS 127 MCKINLEY PARK,12.6
20K160,CSD 20,PS 160 WILLIAM T SAMPSON,13.3
20K163,CSD 20,PS 163 BATH BEACH,13.8
20K164,CSD 20,PS 164 CAESAR RODNEY,14
20K170,CSD 20,RALPH A FABRIZIO SCHOOL,14.3
20K176,CSD 20,PS 176 OVINGTON,14.4
20K179,CSD 20,PS 179 KENSINGTON,12.6
20K180,CSD 20,THE SEEALL ACADEMY,12.8
20K185,CSD 20,PS 185 WALTER KASSENBROCK,15.9
20K186,CSD 20,PS 186 DR IRVING A GLADSTONE,14.7
20K187,CSD 20,THE CHRISTA MCAULIFFE SCHOOL\IS 187,17.9
20K192,CSD 20,PS 192 - THE MAGNET SCHOOL FOR MATH AND SCIENCE INQUIRY,12.9
20K200,CSD 20,PS 200 BENSON SCHOOL,16.5
20K201,CSD 20,JHS 201 THE DYKER HEIGHTS,18.5
20K204,CSD 20,PS 204 VINCE LOMBARDI,16.1
20K205,CSD 20,PS 205 CLARION,14.7
20K220,CSD 20,JHS 220 JOHN J PERSHING,13.5
20K223,CSD 20,JHS 223 THE MONTAUK,13.9
20K227,CSD 20,JHS 227 EDWARD B SHALLOW,15.8
20K229,CSD 20,PS 229 DYKER,17.8
20K247,CSD 20,PS 247 BROOKLYN,13.4
20K259,CSD 20,JHS 259 WILLIAM MCKINLEY,16.7
20K264,CSD 20,PS 264 BAY RIDGE ELEMENTARY SCHOOL FOR THE ARTS,12.4
20K310,CSD 20,THE SCHOOL FOR FUTURE LEADERS,13
20K445,CSD 20,NEW UTRECHT HIGH SCHOOL,17
20K485,CSD 20,HIGH SCHOOL OF TELECOMMUNICATION ARTS AND TECHNOLOGY,14.7
20K490,CSD 20,FORT HAMILTON HIGH SCHOOL,19.8
20K503,CSD 20,PS 503: THE SCHOOL OF DISCOVERY,10.2
20K505,CSD 20,FRANKLIN DELANO ROOSEVELT HIGH SCHOOL,16
20K506,CSD 20,PS 506: THE SCHOOL OF JOURNALISM & TECHNOLOGY,12.4
20K609,CSD 20,URBAN ASSEMBLY SCHOOL FOR CRIMINAL JUSTICE,12.1
20K682,CSD 20,THE ACADEMY OF TALENTED SCHOLARS,7.3
20K686,CSD 20,BROOKLYN SCHOOL OF INQUIRY,18.7
20K748,CSD 20,PS 748 BROOKLYN SCHOOL FOR GLOBAL SCHOLARS,13.7
20K971,CSD 20,"SCHOOL OF MATH, SCIENCE, AND HEALTHY LIVING",10.2
21K090,CSD 21,PS 90 EDNA COHEN SCHOOL,10.8
21K095,CSD 21,PS 095 THE GRAVESEND,15.6
21K096,CSD 21,IS 096 SETH LOW,11.2
21K097,CSD 21,PS 97 THE HIGHLAWN,12.8
21K098,CSD 21,IS 98 BAY ACADEMY,23.4
21K099,CSD 21,PS 099 ISAAC ASIMOV,15.7
21K100,CSD 21,PS 100 THE CONEY ISLAND SCHOOL,16.8
21K101,CSD 21,PS 101 THE VERRAZANO,13.5
21K121,CSD 21,PS 121 NELSON A ROCKEFELLER,7.1
21K128,CSD 21,PS 128 BENSONHURST,12.4
21K153,CSD 21,PS 153 HOMECREST,14.1
21K177,CSD 21,PS 177 THE MARLBORO,14.4
21K188,CSD 21,PS 188 MICHAEL E BERDY,12.1
21K199,CSD 21,PS 199 FREDERICK WACHTEL,10.4
21K209,CSD 21,PS 209 MARGARET MEAD,13.7
21K212,CSD 21,PS 212 LADY DEBORAH MOODY,13.3
21K215,CSD 21,PS 215 MORRIS H WEISS,15.3
21K216,CSD 21,PS 216 ARTURO TOSCANINI,15.7
21K225,CSD 21,PS K225 - THE EILEEN E ZAGLIN,14
21K226,CSD 21,PS 226 ALFRED DE BMASON,13.3
21K228,CSD 21,IS 228 DAVID A BOODY,14.5
21K238,CSD 21,PS 238 ANNE SULLIVAN,14.2
21K239,CSD 21,MARK TWAIN IS 239 FOR THE GIFTED & TALENTED,17.7
21K253,CSD 21,PS 253,15.5
21K281,CSD 21,IS 281 JOSEPH B CAVALLARO,17.8
21K288,CSD 21,PS 288 THE SHIRLEY TANYHILL,10.8
21K303,CSD 21,IS 303 HERBERT S EISENBERG,17
21K329,CSD 21,PS 329 SURFSIDE,13.7
21K337,CSD 21,INTERNATIONAL HIGH SCHOOL AT LAFAYETTE,12.8
21K344,CSD 21,RACHEL CARSON HIGH SCHOOL FOR COASTAL STUDIES,16.1
21K348,CSD 21,HIGH SCHOOL OF SPORTS MANAGEMENT,15.6
21K410,CSD 21,ABRAHAM LINCOLN HIGH SCHOOL,15.7
21K468,CSD 21,KINGSBOROUGH EARLY COLLEGE SCHOOL,16.1
21K525,CSD 21,EDWARD R MURROW HIGH SCHOOL,17.8
21K540,CSD 21,JOHN DEWEY HIGH SCHOOL,15.2
21K559,CSD 21,LIFE ACADEMY HIGH SCHOOL FOR FILM AND MUSIC,13.5
21K572,CSD 21,EXPEDITIONARY LEARNING SCHOOL FOR COMMUNITY LEADERS,13.1
21K620,CSD 21,WILLIAM E GRADY CAREER AND TECHNICAL EDUCATION HIGH SCHOOL,11.5
21K690,CSD 21,BROOKLYN STUDIO SECONDARY SCHOOL,15.4
21K728,CSD 21,LIBERATION DIPLOMA PLUS,22.9
22K014,CSD 22,JHS 014 SHELL BANK,12.8
22K052,CSD 22,PS 052 SHEEPSHEAD BAY,15.1
22K078,CSD 22,JHS 078 ROY H MANN,15.1
22K109,CSD 22,PS 109,12.5
22K119,CSD 22,PS 119 AMERSFORT,15.4
22K134,CSD 22,PS K134,13.2
22K139,CSD 22,PS 139 ALEXINE A FENTY,15.2
22K152,CSD 22,SCHOOL OF SCIENCE & TECHNOLOGY,13.7
22K193,CSD 22,PS 193 GIL HODGES,13.4
22K194,CSD 22,PS 194 RAOUL WALLENBERG,12.5
22K195,CSD 22,PS 195 MANHATTAN BEACH,18.6
22K197,CSD 22,PS 197 - THE KINGS HIGHWAY ACADEMY,14.8
22K198,CSD 22,PS 198 BROOKLYN,12
22K203,CSD 22,PS 203 FLOYD BENNETT SCHOOL,14
22K206,CSD 22,PS 206 JOSEPH F LAMB,16
22K207,CSD 22,PS 207 ELIZABETH G LEARY,14.7
22K217,CSD 22,PS 217 COLONEL DAVID MARCUS SCHOOL,14.4
22K222,CSD 22,PS 222 KATHERINE R SNYDER,12.2
22K234,CSD 22,JHS 234 ARTHUR W CUNNINGHAM,15.2
22K236,CSD 22,PS 236 MILL BASIN,16.2
22K240,CSD 22,ANDRIES HUDDE,14
22K245,CSD 22,PS 245,12.3
22K251,CSD 22,PS 251 PAERDEGAT,14.4
22K254,CSD 22,PS 254 DAG HAMMARSKJOLD,17.2
22K255,CSD 22,PS 255 BARBARA REING SCHOOL,12.7
22K277,CSD 22,PS 277 GERRITSEN BEACH,13.4
22K278,CSD 22,JHS 278 MARINE PARK,12.8
22K312,CSD 22,PS 312 BERGEN BEACH,16.5
22K315,CSD 22,PS K315,14.1
22K326,CSD 22,PS 326,11.2
22K361,CSD 22,PS 361 EAST FLATBUSH EARLY CHILDHOOD SCHOOL,14.2
22K381,CSD 22,I S 381,12.8
22K405,CSD 22,MIDWOOD HIGH SCHOOL,20.2
22K425,CSD 22,JAMES MADISON HIGH SCHOOL,17.9
22K535,CSD 22,LEON M GOLDSTEIN HIGH SCHOOL FOR THE SCIENCES,18.6
22K555,CSD 22,BROOKLYN COLLEGE ACADEMY,19.9
22K611,CSD 22,ORIGINS HIGH SCHOOL,11.7
22K630,CSD 22,PROFESSIONAL PATHWAYS HIGH SCHOOL,12.1
22K889,CSD 22,PS 889,15
22K890,CSD 22,MS 890,12.4
23K041,CSD 23,PS 041 FRANCIS WHITE,12.2
23K137,CSD 23,PS/IS 137 RACHEL JEAN MITCHELL,10.5
23K150,CSD 23,PS 150 CHRISTOPHER,10.6
23K155,CSD 23,PS/ IS 155 NICHOLAS HERKIMER,14
23K156,CSD 23,PS 156 WAVERLY,12.2
23K165,CSD 23,PS 165 IDA POSNER,10.1
23K178,CSD 23,PS 178 SAINT CLAIR MCKELWAY,13.2
23K184,CSD 23,PS 184 NEWPORT,12.9
23K284,CSD 23,PS 284 LEW WALLACE,10.7
23K298,CSD 23,PS 298 DR BETTY SHABAZZ,13.6
23K323,CSD 23,PS/IS 323,18.9
23K327,CSD 23,PS 327 DR ROSE B ENGLISH,10
23K363,CSD 23,BROWNSVILLE COLLABORATIVE MIDDLE SCHOOL,12.1
23K392,CSD 23,IS 392,14.9
23K401,CSD 23,CHRISTOPHER AVENUE COMMUNITY SCHOOL,12.1
23K446,CSD 23,RIVERDALE AVENUE COMMUNITY SCHOOL,11.8
23K493,CSD 23,BROOKLYN COLLEGIATE: A COLLEGE BOARD SCHOOL,10.5
23K514,CSD 23,FREDERICK DOUGLASS ACADEMY VII HIGH SCHOOL,12.8
23K518,CSD 23,KAPPA V,12.3
23K522,CSD 23,MOTT HALL IV,16
23K599,CSD 23,BROOKLYN LANDMARK ELEMENTARY SCHOOL,15.1
23K643,CSD 23,BROOKLYN DEMOCRACY ACADEMY,15.6
23K644,CSD 23,EAGLE ACADEMY FOR YOUNG MEN II,15.6
23K647,CSD 23,METROPOLITAN DIPLOMA PLUS HIGH SCHOOL,9.9
23K664,CSD 23,BROOKLYN ENVIRONMENTAL EXPLORATION SCHOOL (BEES),7.9
23K668,CSD 23,RIVERDALE AVENUE MIDDLE SCHOOL,10.7
23K671,CSD 23,MOTT HALL BRIDGES ACADEMY,11.1
23K697,CSD 23,TEACHERS PREPARATORY HIGH SCHOOL,10.4
24Q005,CSD 24,IS 5 - THE WALTER CROWLEY INTERMEDIATE SCHOOL,14.6
24Q007,CSD 24,PS 007 LOUIS F SIMEONE,14.9
24Q012,CSD 24,PS 012 JAMES B COLGATE,15.2
24Q013,CSD 24,PS 013 CLEMENT C MOORE,17
24Q014,CSD 24,PS 014 FAIRVIEW,15.6
24Q016,CSD 24,PS Q016 THE NANCY DEBENEDITTIS SCHOOL,14.6
24Q019,CSD 24,PS 019 MARINO JEANTET,14.4
24Q028,CSD 24,PS 28 - THE THOMAS EMANUEL EARLY CHILDHOOD CENTER,14.1
24Q049,CSD 24,PS 049 DOROTHY BONAWIT KOLE,17.3
24Q058,CSD 24,PS 58 - THE SCHOOL OF HEROES,16.1
24Q061,CSD 24,IS 061 LEONARDO DA VINCI,14.5
24Q068,CSD 24,PS 068 CAMBRIDGE,14.8
24Q071,CSD 24,PS 071 FOREST,13
24Q073,CSD 24,IS 73 - THE FRANK SANSIVIERI INTERMEDIATE SCHOOL,14.5
24Q077,CSD 24,IS 077,10.9
24Q081,CSD 24,PS 81Q JEAN PAUL RICHTER,13.4
24Q087,CSD 24,PS / IS 087 MIDDLE VILLAGE,12.6
24Q088,CSD 24,PS 088 SENECA,15.6
24Q089,CSD 24,PS 089 ELMHURST,13.7
24Q091,CSD 24,PS 091 RICHARD ARKWRIGHT,13.7
24Q093,CSD 24,IS 093 RIDGEWOOD,14.4
24Q102,CSD 24,PS 102 BAYVIEW,13.8
24Q110,CSD 24,PS 110,13.5
24Q113,CSD 24,PS/IS 113 ANTHONY J PRANZO,17
24Q119,CSD 24,IS 119 THE GLENDALE,17
24Q125,CSD 24,IS 125 THOM J MCCANN WOODSIDE,15.8
24Q128,CSD 24,"PS 128 THE LORRAINE TUZZO, JUNIPER VALLEY ELEMENTARY SCHOOL",16.1
24Q143,CSD 24,PS 143 LOUIS ARMSTRONG,12.9
24Q153,CSD 24,PS 153 MASPETH ELEM,16.6
24Q199,CSD 24,PS 199 MAURICE A FITZGERALD,14.9
24Q211,CSD 24,ELM TREE ELEMENTARY SCHOOL,12.3
24Q229,CSD 24,PS 229 EMANUEL KAPLAN,16.7
24Q236,CSD 24,INTERNATIONAL HIGH SCHOOL FOR HEALTH SCIENCES,12
24Q239,CSD 24,PS 239,13.5
24Q264,CSD 24,ACADEMY OF FINANCE AND ENTERPRISE,19.3
24Q267,CSD 24,HIGH SCHOOL OF APPLIED COMMUNICATION,14.7
24Q290,CSD 24,ACE ACADEMY FOR SCHOLARS AT THE GERALDINE FERRARO CAMPUS,17.4
24Q293,CSD 24,CIVIC LEADERSHIP ACADEMY,16.1
24Q296,CSD 24,PAN AMERICAN INTERNATIONAL HIGH SCHOOL,11
24Q299,CSD 24,BARD HIGH SCHOOL EARLY COLLEGE QUEENS,16.5
24Q305,CSD 24,LEARNERS AND LEADERS,13
24Q307,CSD 24,PIONEER ACADEMY,12.3
24Q311,CSD 24,CORONA ARTS AND SCIENCES ACADEMY,12.7
24Q330,CSD 24,PS 330,13
24Q343,CSD 24,THE CHILDREN'S LAB SCHOOL,14.1
24Q455,CSD 24,NEWTOWN HIGH SCHOOL,15.6
24Q485,CSD 24,GROVER CLEVELAND HIGH SCHOOL,15.6
24Q520,CSD 24,MIDDLE COLLEGE HIGH SCHOOL AT LAGUARDIA COMMUNITY COLLEGE,20.3
24Q530,CSD 24,INTERNATIONAL HIGH SCHOOL AT LAGUARDIA COMMUNITY COLLEGE,16.9
24Q550,CSD 24,HIGH SCHOOL FOR ARTS AND BUSINESS,15.5
24Q560,CSD 24,"ROBERT F WAGNER, JR SECONDARY SCHOOL FOR ARTS AND TECHNOLOGY",16.1
24Q585,CSD 24,MASPETH HIGH SCHOOL,18.2
24Q600,CSD 24,QUEENS VOCATIONAL AND TECHNICAL HIGH SCHOOL,14.5
24Q610,CSD 24,AVIATION CAREER & TECHNICAL EDUCATION HIGH SCHOOL,15.9
24Q744,CSD 24,VOYAGES PREPARATORY,14.5
25Q020,CSD 25,PS 020 JOHN BOWNE,15.8
25Q021,CSD 25,PS 021 EDWARD HART,15.6
25Q022,CSD 25,PS 022 THOMAS JEFFERSON,14.4
25Q024,CSD 25,PS 024 ANDREW JACKSON,15.4
25Q025,CSD 25,IS 025 ADRIEN BLOCK,19.8
25Q029,CSD 25,PS 029 QUEENS,14.4
25Q032,CSD 25,PS 032 STATE STREET,16.2
25Q079,CSD 25,PS 079 FRANCIS LEWIS,18.1
25Q107,CSD 25,PS 107 THOMAS A DOOLEY,14.1
25Q120,CSD 25,PS 120 QUEENS,15.7
25Q129,CSD 25,PS 129 PATRICIA LARKIN,14.6
25Q130,CSD 25,PS 130,13.8
25Q154,CSD 25,PS 154 QUEENS,15.1
25Q163,CSD 25,PS 163 FLUSHING HEIGHTS,16
25Q164,CSD 25,PS 164 QUEENS VALLEY,13.1
25Q165,CSD 25,PS 165 EDITH K BERGTRAUM,8.5
25Q169,CSD 25,PS 169 BAY TERRACE,14.1
25Q184,CSD 25,PS 184 FLUSHING MANOR,16.3
25Q185,CSD 25,JHS 185 EDWARD BLEEKER,15.8
25Q189,CSD 25,JHS 189 DANIEL CARTER BEARD,15.4
25Q193,CSD 25,PS 193 ALFRED J KENNEDY,15.6
25Q194,CSD 25,JHS 194 WILLIAM CARR,16.1
25Q200,CSD 25,PS/MS 200 - THE POMONOK SCHOOL & STAR ACADEMY,12.5
25Q201,CSD 25,PS 201 THE DISCOVERY SCHOOL FOR INQUIRY AND RESEARCH,11.9
25Q209,CSD 25,PS 209 CLEARVIEW GARDENS,15.4
25Q214,CSD 25,PS 214 CADWALLADER COLDEN,13.8
25Q219,CSD 25,PS 219 PAUL KLAPPER,8.8
25Q237,CSD 25,IS 237,17
25Q240,CSD 25,VERITAS ACADEMY,14.5
25Q241,CSD 25,QUEENS HIGH SCHOOL FOR LANGUAGE STUDIES,14.5
25Q242,CSD 25,PS 242 LEONARD P STAVISKY EARLY CHILDHOOD SCHOOL,12.3
25Q244,CSD 25,THE ACTIVE LEARNING ELEMENTARY SCHOOL,16.5
25Q250,CSD 25,IS 250 THE ROBERT F KENNEDY COMMUNITY MIDDLE SCHOOL,13.4
25Q252,CSD 25,"QUEENS SCHOOL OF INQUIRY, THE",12.1
25Q263,CSD 25,FLUSHING INTERNATIONAL HIGH SCHOOL,14
25Q281,CSD 25,EAST-WEST SCHOOL OF INTERNATIONAL STUDIES,10.8
25Q285,CSD 25,WORLD JOURNALISM PREPARATORY: A COLLEGE BOARD SCHOOL,14.9
25Q294,CSD 25,BELL ACADEMY,14.8
25Q379,CSD 25,COLLEGE POINT COLLABORATIVE,13.7
25Q425,CSD 25,JOHN BOWNE HIGH SCHOOL,17.4
25Q460,CSD 25,FLUSHING HIGH SCHOOL,13.6
25Q499,CSD 25,"THE QUEENS COLLEGE SCHOOL FOR MATH, SCIENCE AND TECHNOLOGY",19
25Q525,CSD 25,TOWNSEND HARRIS HIGH SCHOOL,20
25Q540,CSD 25,QUEENS ACADEMY HIGH SCHOOL,15.4
25Q670,CSD 25,ROBERT F KENNEDY COMMUNITY HIGH SCHOOL,16.4
25Q792,CSD 25,NORTH QUEENS COMMUNITY HIGH SCHOOL,13.8
26Q018,CSD 26,PS 018 WINCHESTER,16.3
26Q026,CSD 26,PS 026 RUFUS KING,16.2
26Q031,CSD 26,PS 031 BAYSIDE,14.3
26Q041,CSD 26,PS 041 CROCHERON,15
26Q046,CSD 26,PS 046 ALLEY POND,10.9
26Q067,CSD 26,JHS 067 LOUIS PASTEUR,17.9
26Q074,CSD 26,JHS 074 NATHANIEL HAWTHORNE,16.7
26Q094,CSD 26,PS 094 DAVID D PORTER,12.7
26Q098,CSD 26,PS 098 THE DOUGLASTON SCHOOL,12.4
26Q115,CSD 26,PS 115 GLEN OAKS,18.3
26Q133,CSD 26,PS 133 QUEENS,15.4
26Q158,CSD 26,MS 158 MARIE CURIE,18.1
26Q159,CSD 26,PS 159,15.6
26Q162,CSD 26,PS 162 JOHN GOLDEN,16.8
26Q172,CSD 26,IRWIN ALTMAN MIDDLE SCHOOL 172,16.2
26Q173,CSD 26,PS 173 FRESH MEADOWS,17.2
26Q178,CSD 26,PS/ IS 178 HOLLISWOOD,15.1
26Q186,CSD 26,PS 186 CASTLEWOOD,6.8
26Q188,CSD 26,PS 188 KINGSBURY,18
26Q191,CSD 26,PS 191 MAYFLOWER,17.3
26Q203,CSD 26,PS 203 OAKLAND GARDENS,17.4
26Q205,CSD 26,PS 205 ALEXANDER GRAHAM BELL,13.9
26Q213,CSD 26,PS 213 THE CARL ULLMAN SCHOOL,15.5
26Q216,CSD 26,JHS 216 GEORGE J RYAN,18.3
26Q221,CSD 26,PS 221 THE NORTH HILLS SCHOOL,17.1
26Q266,CSD 26,PS / IS 266,14.2
26Q315,CSD 26,BUSINESS TECHNOLOGY EARLY COLLEGE HIGH SCHOOL,16
26Q376,CSD 26,PS 376,12.7
26Q415,CSD 26,BENJAMIN N CARDOZO HIGH SCHOOL,19.8
26Q430,CSD 26,FRANCIS LEWIS HIGH SCHOOL,17.4
26Q435,CSD 26,MARTIN VAN BUREN HIGH SCHOOL,15
26Q495,CSD 26,BAYSIDE HIGH SCHOOL,17.4
26Q566,CSD 26,"QUEENS HIGH SCHOOL OF TEACHING, LIBERAL ARTS AND THE SCIENCES",16.8
27Q042,CSD 27,PS/MS 042 R VERNAM,10.9
27Q043,CSD 27,PS 043,14
27Q045,CSD 27,PS 045 CLARENCE WITHERSPOON,12
27Q047,CSD 27,PS 047 CHRIS GALAS,10.2
27Q051,CSD 27,PS 051,13.9
27Q053,CSD 27,MS 053 BRIAN PICCOLO,8.3
27Q056,CSD 27,PS 056 HARRY EICHLER,15.8
27Q060,CSD 27,PS 060 WOODHAVEN,15.5
27Q062,CSD 27,P S 62 - CHESTER PARK SCHOOL,15.1
27Q063,CSD 27,PS 063 OLD SOUTH,16.3
27Q064,CSD 27,PS 064 JOSEPH P ADDABBO,15.4
27Q065,CSD 27,PS 65 - THE RAYMOND YORK ELEMENTARY SCHOOL,13
27Q066,CSD 27,PS 066 JACQUELINE KENNEDY ONASSIS,13.2
27Q090,CSD 27,PS 090 HORACE MANN,15.4
27Q096,CSD 27,PS 096,14.5
27Q097,CSD 27,PS 097 FOREST PARK,14.6
27Q100,CSD 27,PS 100 GLEN MORRIS,16
27Q104,CSD 27,PS 104 THE BAYS WATER,14.6
27Q105,CSD 27,PS 105 THE BAY SCHOOL,12.4
27Q106,CSD 27,PS 106,10.3
27Q108,CSD 27,PS 108 CAPTAIN VINCENT G FOWLER,16.2
27Q114,CSD 27,PS / MS 114 BELLE HARBOR,14.6
27Q123,CSD 27,PS 123,15.1
27Q124,CSD 27,PS 124 OSMOND A CHURCH,16.5
27Q137,CSD 27,MS 137 AMERICA'S SCHOOL OF HEROES,16.4
27Q146,CSD 27,PS 146 HOWARD BEACH,15.2
27Q155,CSD 27,PS 155,18.2
27Q183,CSD 27,PS 183 DR RICHARD R GREEN,9.3
27Q197,CSD 27,PS 197 THE OCEAN SCHOOL,12.3
27Q202,CSD 27,JHS 202 ROBERT H GODDARD,16.4
27Q207,CSD 27,PS 207 ROCKWOOD PARK,11.8
27Q210,CSD 27,JHS 210 ELIZABETH BLACKWELL,14.9
27Q223,CSD 27,PS 223 LYNDON B JOHNSON,14.4
27Q226,CSD 27,JHS 226 VIRGIL I GRISSOM,15.5
27Q232,CSD 27,PS 232 LINDENWOOD,16
27Q253,CSD 27,PS 253,12.9
27Q254,CSD 27,PS 254 - THE ROSA PARKS SCHOOL,15.6
27Q260,CSD 27,FREDERICK DOUGLASS ACADEMY VI HIGH SCHOOL,13.2
27Q261,CSD 27,VOYAGES PREP - SOUTH QUEENS,14.4
27Q262,CSD 27,CHANNEL VIEW SCHOOL FOR RESEARCH,13.7
27Q273,CSD 27,PS 273,12.3
27Q282,CSD 27,KNOWLEDGE AND POWER PREPARATORY ACADEMY VI,15.2
27Q297,CSD 27,HAWTREE CREEK MIDDLE SCHOOL,12.1
27Q302,CSD 27,"QUEENS HIGH SCHOOL FOR INFORMATION, RESEARCH, AND TECHNOLOGY",15.1
27Q306,CSD 27,NEW YORK CITY ACADEMY FOR DISCOVERY,14.3
27Q308,CSD 27,ROBERT H GODDARD HIGH SCHOOL OF COMMUNICATION ARTS AND TECHNOLOGY,17
27Q309,CSD 27,ACADEMY OF MEDICAL TECHNOLOGY: A COLLEGE BOARD SCHOOL,12.4
27Q314,CSD 27,EPIC HIGH SCHOOL - SOUTH,15.2
27Q316,CSD 27,QUEENS EXPLORERS ELEMENTARY SCHOOL,13
27Q317,CSD 27,WATERSIDE CHILDREN'S STUDIO SCHOOL,12.1
27Q318,CSD 27,WATERSIDE SCHOOL FOR LEADERSHIP,11.6
27Q319,CSD 27,VILLAGE ACADEMY,11.3
27Q323,CSD 27,SCHOLARS' ACADEMY,17.9
27Q324,CSD 27,ROCKAWAY PARK HIGH SCHOOL FOR ENVIRONMENTAL SUSTAINABILITY,12.6
27Q333,CSD 27,GOLDIE MAPLE ACADEMY,14.3
27Q334,CSD 27,EPIC HIGH SCHOOL - NORTH,15.1
27Q351,CSD 27,ROCKAWAY COLLEGIATE HIGH SCHOOL,11.2
27Q362,CSD 27,WAVE PREPARATORY ELEMENTARY SCHOOL,17.5
27Q377,CSD 27,PS 377,15
27Q400,CSD 27,AUGUST MARTIN HIGH SCHOOL,10
27Q475,CSD 27,RICHMOND HILL HIGH SCHOOL,12.5
27Q480,CSD 27,JOHN ADAMS HIGH SCHOOL,13.4
27Q650,CSD 27,"HIGH SCHOOL FOR CONSTRUCTION TRADES, ENGINEERING AND ARCHITECTURE",16.3
28Q008,CSD 28,JHS 008 RICHARD S GROSSLEY,14.3
28Q040,CSD 28,PS 040 SAMUEL HUNTINGTON,13.5
28Q048,CSD 28,PS 048 WILLIAM WORDSWORTH,13.5
28Q050,CSD 28,PS 050 TALFOURD LAWN ELEMENTARY SCHOOL,15.3
28Q054,CSD 28,PS 054 HILLSIDE,13.6
28Q055,CSD 28,PS 055 MAURE,12.4
28Q072,CSD 28,CATHERINE & COUNT BASIE MIDDLE SCHOOL 72,11.4
28Q080,CSD 28,PS 80 THE THURGOOD MARSHALL MAGNET SCHOOL OF MULTIMEDIA AND COMMUNICATION,13.5
28Q082,CSD 28,PS 082 HAMMOND,14.2
28Q086,CSD 28,PS Q086,14.9
28Q099,CSD 28,PS 099 KEW GARDENS,14.6
28Q101,CSD 28,PS 101 SCHOOL IN THE GARDENS,15.9
28Q117,CSD 28,PS 117 J KELD / BRIARWOOD SCHOOL,16.9
28Q121,CSD 28,PS 121 QUEENS,15.9
28Q139,CSD 28,PS 139 REGO PARK,16.6
28Q140,CSD 28,PS 140 EDWARD K ELLINGTON,14.4
28Q144,CSD 28,PS 144 COL JEROMUS REMSEN,18
28Q157,CSD 28,JHS 157 STEPHEN A HALSEY,19.6
28Q160,CSD 28,PS 160 WALTER FRANCIS BISHOP,15.8
28Q161,CSD 28,PS 161 ARTHUR ASHE SCHOOL,13.6
28Q167,CSD 28,METROPOLITAN EXPEDITIONARY LEARNING SCHOOL,12.3
28Q174,CSD 28,PS 174 WILLIAM SIDNEY MOUNT,16
28Q175,CSD 28,PS 175 THE LYNN GROSS DISCOVERY SCHOOL,17.5
28Q182,CSD 28,PS 182 SAMANTHA SMITH,14.5
28Q190,CSD 28,JHS 190 RUSSELL SAGE,19
28Q196,CSD 28,PS 196 GRAND CENTRAL PARKWAY,17.6
28Q206,CSD 28,PS 206 THE HORACE HARDING SCHOOL,15.1
28Q217,CSD 28,JHS 217 ROBERT A VAN WYCK,17.9
28Q220,CSD 28,PS 220 EDWARD MANDEL,16.2
28Q284,CSD 28,YORK EARLY COLLEGE ACADEMY,21.5
28Q287,CSD 28,THE EMERSON SCHOOL,13.3
28Q303,CSD 28,THE ACADEMY FOR EXCELLENCE THROUGH THE ARTS,15.1
28Q310,CSD 28,QUEENS COLLEGIATE: A COLLEGE BOARD SCHOOL,14.2
28Q312,CSD 28,JAMAICA CHILDREN'S SCHOOL,11
28Q325,CSD 28,HILLSIDE ARTS & LETTERS ACADEMY,15.3
28Q328,CSD 28,HIGH SCHOOL FOR COMMUNITY LEADERSHIP,15
28Q332,CSD 28,REDWOOD MIDDLE SCHOOL,13
28Q338,CSD 28,QUEENS SATELLITE HIGH SCHOOL FOR OPPORTUNITY,16.5
28Q349,CSD 28,PS 349,14.3
28Q350,CSD 28,JAMAICA GATEWAY TO THE SCIENCES,16.3
28Q354,CSD 28,PS 354,13.5
28Q358,CSD 28,MS 358,11.5
28Q440,CSD 28,FOREST HILLS HIGH SCHOOL,18.5
28Q505,CSD 28,HILLCREST HIGH SCHOOL,18.4
28Q620,CSD 28,THOMAS A EDISON CAREER AND TECHNICAL EDUCATION HIGH SCHOOL,17.8
28Q680,CSD 28,QUEENS GATEWAY TO HEALTH SCIENCES SECONDARY SCHOOL,17.4
28Q686,CSD 28,QUEENS METROPOLITAN HIGH SCHOOL,15.7
28Q687,CSD 28,QUEENS HIGH SCHOOL FOR THE SCIENCES AT YORK COLLEGE,18.7
28Q690,CSD 28,HIGH SCHOOL FOR LAW ENFORCEMENT AND PUBLIC SAFETY,15.5
28Q896,CSD 28,"YOUNG WOMEN'S LEADERSHIP SCHOOL, QUEENS",15.8
29Q015,CSD 29,PS 015 JACKIE ROBINSON,17.2
29Q033,CSD 29,PS 033 EDWARD M FUNK,17
29Q034,CSD 29,PS 034 JOHN HARVARD,17
29Q035,CSD 29,PS 035 NATHANIEL WOODHULL,15.5
29Q036,CSD 29,PS 036 SAINT ALBANS SCHOOL,14.5
29Q037,CSD 29,CYNTHIA JENKINS SCHOOL,14.4
29Q038,CSD 29,PS 038 ROSEDALE,13.5
29Q052,CSD 29,PS 052 QUEENS,13.6
29Q059,CSD 29,IS 059 SPRINGFIELD GARDENS,15.3
29Q095,CSD 29,PS 095 EASTWOOD,16.4
29Q109,CSD 29,JEAN NUZZI INTERMEDIATE SCHOOL,15.7
29Q116,CSD 29,PS/IS 116 WILLIAM C HUGHLEY,13.9
29Q118,CSD 29,PS 118 LORRAINE HANSBERRY,13.9
29Q131,CSD 29,PS 131 ABIGAIL ADAMS,17.3
29Q132,CSD 29,PS 132 RALPH BUNCHE,12.9
29Q134,CSD 29,PS 134 HOLLIS,12.1
29Q135,CSD 29,THE BELLAIRE SCHOOL,15.9
29Q136,CSD 29,PS 136 ROY WILKINS,16
29Q138,CSD 29,PS/ MS138 SUNRISE,15.3
29Q147,CSD 29,PS/MS 147 RONALD MCNAIR,13.2
29Q156,CSD 29,PS 156 LAURELTON,16.7
29Q176,CSD 29,PS 176 CAMBRIA HEIGHTS,18.4
29Q181,CSD 29,PS 181 BROOKFIELD,9.2
29Q192,CSD 29,IS 192 THE LINDEN,14.6
29Q195,CSD 29,PS 195 WILLIAM HABERLE,16.2
29Q208,CSD 29,PS / IS 208,16.1
29Q238,CSD 29,IS 238 - SUSAN B ANTHONY ACADEMY,14.2
29Q243,CSD 29,INSTITUTE FOR HEALTH PROFESSIONS AT CAMBRIA HEIGHTS,12.7
29Q248,CSD 29,QUEENS PREPARATORY ACADEMY,15.2
29Q251,CSD 29,PS 251 QUEENS,14.2
29Q259,CSD 29,PATHWAYS COLLEGE PREPARATORY SCHOOL: A COLLEGE BOARD SCHOOL,15.8
29Q265,CSD 29,EXCELSIOR PREPARATORY HIGH SCHOOL,15.1
29Q268,CSD 29,PS/IS 268,13.3
29Q270,CSD 29,THE GORDON PARKS SCHOOL,16
29Q272,CSD 29,GEORGE WASHINGTON CARVER HIGH SCHOOL FOR THE SCIENCES,14.6
29Q283,CSD 29,PREPARATORY ACADEMY FOR WRITERS: A COLLEGE BOARD SCHOOL,19.5
29Q289,CSD 29,QUEENS UNITED MIDDLE SCHOOL,13.1
29Q295,CSD 29,PS/IS 295,12.1
29Q313,CSD 29,BENJAMIN FRANKLIN HIGH SCHOOL FOR FINANCE & INFORMATION TECHNOLOGY,11.8
29Q326,CSD 29,CAMBRIA HEIGHTS ACADEMY,13.3
29Q327,CSD 29,EAGLE ACADEMY FOR YOUNG MEN III,14.6
29Q355,CSD 29,COLLABORATIVE ARTS MIDDLE SCHOOL,13.4
29Q356,CSD 29,COMMUNITY VOICES MIDDLE SCHOOL,14.5
29Q360,CSD 29,PS 360,17.6
29Q492,CSD 29,"MATHEMATICS, SCIENCE RESEARCH AND TECHNOLOGY MAGNET HIGH SCHOOL",16.5
29Q498,CSD 29,HUMANITIES & ARTS MAGNET HIGH SCHOOL,14.8
30Q002,CSD 30,PS 002 ALFRED ZIMBERG,16
30Q010,CSD 30,IS 010 HORACE GREELEY,14.9
30Q011,CSD 30,PS 011 KATHRYN PHELAN,14.8
30Q017,CSD 30,PS 017 HENRY DAVID THOREAU,13.9
30Q069,CSD 30,PS 069 JACKSON HEIGHTS,17.1
30Q070,CSD 30,PS 070 QUEENS,14.6
30Q076,CSD 30,PS 076 WILLIAM HALLET,8.2
30Q078,CSD 30,PS/IS 78Q,15
30Q084,CSD 30,PS 084 STEINWAY,13.9
30Q085,CSD 30,PS 085 JUDGE CHARLES VALLONE,18.3
30Q092,CSD 30,PS 092 HARRY T STEWART SR,13.4
30Q111,CSD 30,PS 111 JACOB BLACKWELL,8.7
30Q112,CSD 30,PS 112 DUTCH KILLS,14.6
30Q122,CSD 30,PS 122 MAMIE FAY,19.2
30Q126,CSD 30,ALBERT SHANKER SCHOOL FOR VISUAL AND PERFORMING ARTS,14.5
30Q127,CSD 30,PS 127 AEROSPACE SCIENCE MAGNE,14.5
30Q141,CSD 30,IS 141 THE STEINWAY,17.2
30Q145,CSD 30,IS 145 JOSEPH PULITZER,14.5
30Q148,CSD 30,PS 148 QUEENS,15.4
30Q149,CSD 30,PS 149 CHRISTA MCAULIFFE,14.1
30Q150,CSD 30,PS 150 QUEENS,15.4
30Q151,CSD 30,PS 151 MARY D CARTER,10.9
30Q152,CSD 30,PS 152 GWENDOLINE N ALLEYNE SCHOOL,14.3
30Q166,CSD 30,PS 166 HENRY GRADSTEIN,18.2
30Q171,CSD 30,PS 171 PETER G VAN ALST,12.3
30Q204,CSD 30,IS 204 OLIVER W HOLMES,10.7
30Q212,CSD 30,PS 212,16.1
30Q222,CSD 30,PS Q222 - FIRE FIGHTER CHRISTOPHER A SANTORA SCHOOL,14.8
30Q227,CSD 30,IS 227 LOUIS ARMSTRONG,17.3
30Q228,CSD 30,PS 228 EARLY CHILDHOOD MAGNET SCHOOL OF THE ARTS,12.2
30Q230,CSD 30,IS 230,14.2
30Q234,CSD 30,PS 234,14.5
30Q235,CSD 30,ACADEMY FOR NEW AMERICANS,12.9
30Q258,CSD 30,ENERGY TECH HIGH SCHOOL,14.5
30Q280,CSD 30,PS 280,14.3
30Q286,CSD 30,"YOUNG WOMEN'S LEADERSHIP SCHOOL, ASTORIA",15.6
30Q291,CSD 30,HUNTERS POINT COMMUNITY MIDDLE SCHOOL,13
30Q300,CSD 30,THE 30TH AVENUE SCHOOL (G&T CITYWIDE),16.9
30Q301,CSD 30,ACADEMY FOR CAREERS IN TELEVISION AND FILM,16
30Q329,CSD 30,EAST ELMHURST COMMUNITY SCHOOL,14.5
30Q361,CSD 30,PS 361,13.7
30Q384,CSD 30,PS 384,6.6
30Q445,CSD 30,WILLIAM CULLEN BRYANT HIGH SCHOOL,15.8
30Q450,CSD 30,LONG ISLAND CITY HIGH SCHOOL,14.3
30Q501,CSD 30,FRANK SINATRA SCHOOL OF THE ARTS HIGH SCHOOL,16
30Q502,CSD 30,INFORMATION TECHNOLOGY HIGH SCHOOL,17.1
30Q555,CSD 30,NEWCOMERS HIGH SCHOOL,14.2
30Q575,CSD 30,ACADEMY OF AMERICAN STUDIES,21.4
30Q580,CSD 30,BACCALAUREATE SCHOOL FOR GLOBAL EDUCATION,16.2
31R001,CSD 31,PS 001 TOTTENVILLE,12.7
31R002,CSD 31,IS R002 GEORGE L EGBERT,14.6
31R003,CSD 31,PS 003 THE MARGARET GIOIOSA SCHOOL,15.5
31R004,CSD 31,PS 004 MAURICE WOLLIN,8.4
31R005,CSD 31,PS 005 HUGUENOT,13.8
31R006,CSD 31,PS 6 CORPORAL ALLAN F KIVLEHAN SCHOOL,10.1
31R007,CSD 31,IS 007 ELIAS BERNSTEIN,16.3
31R008,CSD 31,PS 8 SHIRLEE SOLOMON,17
31R009,CSD 31,NAPLES STREET ELEMENTARY SCHOOL,9.5
31R010,CSD 31,FORT HILL COLLABORATIVE ELEMENTARY SCHOOL,10
31R011,CSD 31,PS 11 THOMAS DONGAN SCHOOL,13.4
31R013,CSD 31,PS 013 M L LINDEMEYER,14.6
31R016,CSD 31,PS 016 JOHN J DRISCOLL,12.6
31R018,CSD 31,PS 018 JOHN G WHITTIER,11.9
31R019,CSD 31,PS 019 THE CURTIS SCHOOL,13.5
31R020,CSD 31,PS 020 PORT RICHMOND,11.7
31R021,CSD 31,PS 21 MARGARET EMERY-ELM PARK,11.1
31R022,CSD 31,PS 022 GRANITEVILLE,13.9
31R023,CSD 31,PS 023 RICHMONDTOWN,12.9
31R024,CSD 31,IS 024 MYRA S BARNES,13.1
31R026,CSD 31,PS 026 THE CARTERET SCHOOL,13.1
31R027,CSD 31,IS 027 ANNING S PRALL,15.4
31R028,CSD 31,THE EAGLE ACADEMY FOR YOUNG MEN OF STATEN ISLAND,11
31R029,CSD 31,PS 029 BARDWELL,16.9
31R030,CSD 31,PS 030 WESTERLEIGH,14.8
31R031,CSD 31,PS 031 WILLIAM T DAVIS,12
31R032,CSD 31,PS 032 THE GIFFORD SCHOOL,16.7
31R034,CSD 31,IS 034 TOTTENVILLE,13.8
31R035,CSD 31,PS 35 THE CLOVE VALLEY SCHOOL,16.8
31R036,CSD 31,PS 036 J C DRUMGOOLE,15
31R038,CSD 31,PS 038 GEORGE CROMWELL,12.3
31R039,CSD 31,PS 39 FRANCIS J MURPHY JR,13.2
31R041,CSD 31,PS 041 NEW DORP,15.1
31R042,CSD 31,PS 042 ELTINGVILLE,16.6
31R044,CSD 31,PS 044 THOMAS C BROWN,13.4
31R045,CSD 31,PS 045 JOHN TYLER,15.3
31R046,CSD 31,PS 046 ALBERT V MANISCALCO,10.1
31R047,CSD 31,CSI HIGH SCHOOL FOR INTERNATIONAL STUDIES,17.5
31R048,CSD 31,PS 048 WILLIAM G WILCOX,16.5
31R049,CSD 31,IS 49 BERTA A DREYFUS,10.7
31R050,CSD 31,PS 050 FRANK HANKINSON,16.7
31R051,CSD 31,IS 051 EDWIN MARKHAM,14
31R052,CSD 31,PS 052 JOHN C THOMPSON,14.5
31R053,CSD 31,PS 053 BAY TERRACE,16.6
31R054,CSD 31,PS 054 CHARLES W LENG,14.8
31R055,CSD 31,PS 055 HENRY M BOEHM,14.7
31R056,CSD 31,PS 56 THE LOUIS DESARIO SCHOOL,15
31R057,CSD 31,PS 057 HUBERT H HUMPHREY,14.3
31R058,CSD 31,SPACE SHUTTLE COLUMBIA SCHOOL,15.2
31R059,CSD 31,THE HARBOR VIEW SCHOOL,12.2
31R060,CSD 31,PS 060 ALICE AUSTEN,14.4
31R061,CSD 31,IS 061 WILLIAM A MORRIS,14
31R062,CSD 31,PS 62,15.4
31R063,CSD 31,MARSH AVENUE SCHOOL FOR EXPEDITIONARY LEARNING,13.1
31R064,CSD 31,GAYNOR MCCOWN EXPEDITIONARY LEARNING SCHOOL,12.3
31R065,CSD 31,PS 65 THE ACADEMY OF INNOVATIVE LEARNING,14.3
31R068,CSD 31,PORT RICHMOND SCHOOL FOR VISIONARY LEARNING,15.2
31R069,CSD 31,PS 069 DANIEL D TOMPKINS,9
31R072,CSD 31,IS 072 ROCCO LAURIE,13.5
31R074,CSD 31,PS 74 FUTURE LEADERS ELEMENTARY SCHOOL,11.5
31R075,CSD 31,IS 075 FRANK D PAULO,13.4
31R078,CSD 31,PS 78,11.4
31R080,CSD 31,THE MICHAEL J PETRIDES SCHOOL,16
31R440,CSD 31,NEW DORP HIGH SCHOOL,15.5
31R445,CSD 31,PORT RICHMOND HIGH SCHOOL,16
31R450,CSD 31,CURTIS HIGH SCHOOL,16.8
31R455,CSD 31,TOTTENVILLE HIGH SCHOOL,17.7
31R460,CSD 31,SUSAN E WAGNER HIGH SCHOOL,18.7
31R470,CSD 31,CONCORD HIGH SCHOOL,12.8
31R600,CSD 31,RALPH R MCKEE CAREER AND TECHNICAL EDUCATION HIGH SCHOOL,13.4
31R605,CSD 31,STATEN ISLAND TECHNICAL HIGH SCHOOL,20.7
31R861,CSD 31,STATEN ISLAND SCHOOL OF CIVIC LEADERSHIP,14.4
32K045,CSD 32,PS/IS 045 HORACE E GREENE,13.2
32K075,CSD 32,PS 075 MAYDA CORTIELLA,10.9
32K086,CSD 32,PS 086 THE IRVINGTON,11.9
32K106,CSD 32,PS 106 EDWARD EVERETT HALE,11.2
32K116,CSD 32,PS 116 ELIZABETH L FARRELL,11.4
32K123,CSD 32,PS 123 SUYDAM,11.8
32K145,CSD 32,PS 145 ANDREW JACKSON,12.7
32K151,CSD 32,PS 151 LYNDON B JOHNSON,10.6
32K162,CSD 32,JHS 162 THE WILLOUGHBY,10.9
32K168,CSD 32,THE BROOKLYN SCHOOL FOR MATH AND RESEARCH,13.8
32K274,CSD 32,PS 274 KOSCIUSKO,14.5
32K291,CSD 32,JHS 291 ROLAND HAYES,10.4
32K299,CSD 32,PS 299 THOMAS WARREN FIELD,12
32K347,CSD 32,IS 347 SCHOOL OF HUMANITIES,12.8
32K349,CSD 32,"IS 349 MATH, SCIENCE & TECH",11.5
32K376,CSD 32,PS 376,14.7
32K377,CSD 32,PS 377 ALEJANDRINA B DE GAUTIER,13
32K383,CSD 32,JHS 383 PHILIPPA SCHUYLER,15.3
32K384,CSD 32,PS /IS 384 FRANCES E CARTER,13.3
32K403,CSD 32,ACADEMY FOR ENVIRONMENTAL LEADERSHIP,11.8
32K545,CSD 32,EBC HIGH SCHOOL FOR PUBLIC SERVICE - BUSHWICK,14
32K549,CSD 32,BUSHWICK SCHOOL FOR SOCIAL JUSTICE,10.6
32K552,CSD 32,ACADEMY OF URBAN PLANNING,10.8
32K554,CSD 32,ALL CITY LEADERSHIP SECONDARY SCHOOL,23.6
32K556,CSD 32,BUSHWICK LEADERS HIGH SCHOOL FOR ACADEMIC EXCELLENCE,10.1
32K562,CSD 32,EVERGREEN MIDDLE SCHOOL FOR URBAN EXPLORATION,11.7
32K564,CSD 32,BUSHWICK COMMUNITY HIGH SCHOOL,11.7